,Sr.No,Date,Invoice No,Challan No,Challan Date,P.O. Date,Product Name,Qty,Unit Price,Amount,Total Value,CGST(9%),SGST(9%),GST Tax Total,Sub Total,Total
0,1,3-Jan-17,ARH/J117/100,100,3-Jan-17,12-Dec-16,Side Mount Level Switch,1,6000,6000,5400,486,486,972,6372,6372
1,2,5-Jan-17,ARH/J117/101,101,5-Jan-17,12-Dec-16,Tubuler Type Level Gauge,5,2900,14500,14500,1305,1305,2610,17235,17235
2,3,5-Jan-17,ARH/J117/102,102,5-Jan-17,25-Dec-16,Tubuler Type Level Gauge,2,2900,5800,5510,495.9,495.9,991.8,6501.8,6501
3,4,6-Jan-17,ARH/J117/103,103,6-Jan-17,25-Dec-16,Conductivity Level Switch,1,4250,4250,4250,382.5,382.5,765,5075,5075
4,5,10-Jan-17,ARH/J117/104,104,10-Jan-17,25-Dec-16,Cable Float Level Switch,2,10053,20106,20106,1809.54,1809.54,3619.08,23875.08,23875
5,6,11-Jan-17,ARH/J117/105,105,11-Jan-17,25-Dec-16,By-Pass Level Indicator,3,3500,10500,10500,945,945,1890,12390,12390
6,7,15-Jan-17,ARH/J117/106,106,15-Jan-17,23-Dec-16,Miniature Level Switch(SS),2,1502,3004,2553.4,229.806,229.806,459.612,3013.012,3013
7,8,16-Jan-17,ARH/J117/107,107,16-Jan-17,10-Dec-16,Tubuler Type Level Gauge,1,2900,2900,2900,261,261,522,3577,3577
8,9,18-Jan-17,ARH/J117/108,108,18-Jan-17,2-Jan-17,By-Pass Level Indicator,5,3500,17500,17500,1575,1575,3150,20650,20650
9,10,18-Jan-17,ARH/J117/109,109,18-Jan-17,4-Jan-17,Float And Board Level Indicator,1,3520,3520,3520,316.8,316.8,633.6,4178.6,4178
10,11,18-Jan-17,ARH/J117/110,110,18-Jan-17,1-Dec-16,Tubuler Type Level Gauge,1,2900,2900,2900,261,261,522,3422,3422
11,12,19-Jan-17,ARH/J117/111,111,19-Jan-17,5-Dec-16,External Chambers,1,4200,4200,3990,359.1,359.1,718.2,4708.2,4708
12,13,20-Jan-17,ARH/J117/112,112,20-Jan-17,31-Dec-16,Transparent Level Gauge,1,5600,5600,5600,504,504,1008,6858,6858
13,14,23-Jan-17,ARH/J117/113,113,23-Jan-17,6-Jan-17,Miniature Level Switch(PP),1,1502,1502,1502,135.18,135.18,270.36,1772.36,1772
14,15,24-Jan-17,ARH/J117/114,114,24-Jan-17,5-Jan-17,Tubuler Type Level Gauge,1,2900,2900,2610,234.9,234.9,469.8,3218.8,3218
15,16,27-Jan-17,ARH/J117/115,115,27-Jan-17,14-Jan-17,Tubuler Type Level Gauge,6,2900,17400,17400,1566,1566,3132,20532,20532
16,17,28-Jan-17,ARH/J117/116,116,28-Jan-17,14-Jan-17,By-Pass Level Indicator,1,3500,3500,3500,315,315,630,4255,4255
17,18,28-Jan-17,ARH/J117/117,117,28-Jan-17,14-Jan-17,By-Pass Level Indicator,1,3500,3500,3500,315,315,630,4130,4130
18,19,28-Jan-17,ARH/J117/118,118,28-Jan-17,15-Jan-17,Tubuler Type Level Gauge,5,2900,14500,14500,1305,1305,2610,17110,17110
19,20,28-Jan-17,ARH/J117/119,119,28-Jan-17,16-Jan-17,Miniature Level Switch(SS),1,1502,1502,1426.9,128.421,128.421,256.842,1983.742,1983
20,21,28-Jan-17,ARH/J117/120,120,28-Jan-17,17-Jan-17,By-Pass Level Indicator,2,3500,7000,6650,598.5,598.5,1197,7847,7847
21,22,3-Feb-17,ARH/F217/100,100,3-Feb-17,18-Jan-17,Magnetic Float Level Switch,2,12300,24600,23370,2103.3,2103.3,4206.6,27926.6,27926
22,23,3-Feb-17,ARH/F217/101,101,3-Feb-17,25-Jan-17,Conductivity Float Level Switch,2,11700,23400,22230,2000.7,2000.7,4001.4,26581.4,26581
23,24,3-Feb-17,ARH/F217/102,102,3-Feb-17,25-Jan-17,Conductivity Level Sensor,1,3600,3600,3600,324,324,648,4348,4348
24,25,8-Feb-17,ARH/F217/103,103,8-Feb-17,26-Jan-17,Miniature Level Switch,1,2850,2850,2850,256.5,256.5,513,3363,3363
25,26,8-Feb-17,ARH/F217/104,104,8-Feb-17,27-Jan-17,Magnetic Float Level Switch,6,12300,73800,70110,6309.9,6309.9,12619.8,82729.8,82729
26,27,13-Feb-17,ARH/F217/105,105,13-Feb-17,28-Jan-17,Side Mount Level Switch,1,650,650,650,58.5,58.5,117,767,767
27,28,15-Feb-17,ARH/F217/106,106,15-Feb-17,28-Jan-17,Conductivity Float Level Switch,1,11700,11700,11700,1053,1053,2106,13806,13806
28,29,15-Feb-17,ARH/F217/107,107,15-Feb-17,28-Jan-17,Miniature Level Switch,1,2850,2850,2850,256.5,256.5,513,3363,3363
29,30,15-Feb-17,ARH/F217/108,108,15-Feb-17,5-Feb-17,Magnetic Float Level Switch,4,12300,49200,46740,4206.6,4206.6,8413.2,55853.2,55853
30,31,16-Feb-17,ARH/F217/109,109,16-Feb-17,5-Feb-17,Reed Based Level Transmitter,1,6900,6900,6900,621,621,1242,8142,8142
31,32,17-Feb-17,ARH/F217/110,110,17-Feb-17,31-Jan-17,Capacitance Type,2,35000,70000,63000,5670,5670,11340,75240,75240
32,33,18-Feb-17,ARH/F217/111,111,18-Feb-17,15-Jan-17,Reflex Level Gauge,1,7200,7200,7200,648,648,1296,8496,8496
33,34,18-Feb-17,ARH/F217/112,112,18-Feb-17,2-Feb-17,Conductivity Float Level Switch,2,11700,23400,23400,2106,2106,4212,27612,27612
34,35,18-Feb-17,ARH/F217/113,113,18-Feb-17,3-Feb-17,Capicitance Type,1,35000,35000,31500,2835,2835,5670,37620,37620
35,36,24-Feb-17,ARH/F217/114,114,24-Feb-17,4-Feb-17,Magnetic Float Level Switch,5,12300,61500,61500,5535,5535,11070,72820,72820
36,37,24-Feb-17,ARH/F217/115,115,24-Feb-17,15-Feb-17,Reflex Level Gauge,1,7200,7200,7200,648,648,1296,8596,8596
37,38,24-Feb-17,ARH/F217/116,116,24-Feb-17,15-Feb-17,Side Mount Level Switch,2,650,1300,1300,117,117,234,1534,1534
38,39,27-Feb-17,ARH/F217/117,117,27-Feb-17,20-Feb-17,Conductivity Float Level Switch,1,11700,11700,11700,1053,1053,2106,14156,14156
39,40,27-Feb-17,ARH/F217/118,118,27-Feb-17,20-Feb-17,Miniature Level Switch,3,2850,8550,8122.5,731.025,731.025,1462.05,9584.55,9584
40,41,28-Feb-17,ARH/F217/119,119,28-Feb-17,20-Feb-17,Magnetic Float Level Switch,2,12300,24600,23370,2103.3,2103.3,4206.6,27926.6,27926
41,42,2-Mar-17,ARH/M317/100,100,2-Mar-17,8-Feb-17,Capicitance Type,1,35000,35000,31500,2835,2835,5670,37620,37620
42,43,2-Mar-17,ARH/M317/101,101,2-Mar-17,8-Feb-17,Conductivity Level Switch,1,4250,4250,4250,382.5,382.5,765,5075,5075
43,44,8-Mar-17,ARH/M317/102,102,8-Mar-17,8-Feb-17,Side Mount Level Switch,6,6000,36000,36000,3240,3240,6480,42480,42480
44,45,15-Mar-17,ARH/M317/103,103,15-Mar-17,8-Feb-17,Tubuler Type Level Gauge,2,2900,5800,5800,522,522,1044,6844,6844
45,46,15-Mar-17,ARH/M317/104,104,15-Mar-17,8-Feb-17,By-Pass Level Indicator,3,3500,10500,10500,945,945,1890,12390,12390
46,47,15-Mar-17,ARH/M317/105,105,15-Mar-17,8-Feb-17,Reflex Level Gauge,1,7200,7200,7200,648,648,1296,8496,8496
47,48,15-Mar-17,ARH/M317/106,106,15-Mar-17,8-Feb-17,Side Mount Level Switch,2,6000,12000,10800,972,972,1944,12744,12744
48,49,20-Mar-17,ARH/M317/107,107,20-Mar-17,21-Feb-17,Side Mount Level Switch,3,6000,18000,18000,1620,1620,3240,21240,21240
49,50,20-Mar-17,ARH/M317/108,108,20-Mar-17,1-Mar-17,Transparent Level Gauge,1,85000,85000,85000,7650,7650,15300,100300,100300
50,51,21-Mar-17,ARH/M317/109,109,21-Mar-17,12-Mar-17,Side Mount Level Switch,1,6000,6000,5400,486,486,972,6372,6372
51,52,29-Mar-17,ARH/M317/110,110,29-Mar-17,12-Mar-17,Cable Float Level Switch,2,10053,20106,20106,1809.54,1809.54,3619.08,23875.08,23875
52,53,30-Mar-17,ARH/M317/111,111,30-Mar-17,14-Mar-17,Side Mount Level Switch,1,6000,6000,5400,486,486,972,6372,6372
53,54,31-Mar-17,ARH/M317/112,112,31-Mar-17,15-Mar-17,Cable Float Level Switch,2,10053,20106,20106,1809.54,1809.54,3619.08,23875.08,23875
54,55,31-Mar-17,ARH/M317/113,113,31-Mar-17,20-Mar-17,Side Mount Level Switch,1,6000,6000,5400,486,486,972,6372,6372
55,56,3-Apr-17,ARH/A417/100,100,3-Apr-17,28-Feb-17,Conductivity Level Sensor,1,3600,3600,3600,324,324,648,4348,4348
56,57,3-Apr-17,ARH/A417/101,101,3-Apr-17,3-Mar-17,Miniature Level Switch,5,2850,14250,14250,1282.5,1282.5,2565,16815,16815
57,58,3-Apr-17,ARH/A417/102,102,3-Apr-17,30-Mar-17,Magnetic Float Level Switch,3,12300,36900,36900,3321,3321,6642,43792,43791.1
58,59,3-Apr-17,ARH/A417/103,103,3-Apr-17,30-Mar-17,Side Mount Level Switch,2,650,1300,1300,117,117,234,1534,1534
59,60,3-Apr-17,ARH/A417/104,104,3-Apr-17,30-Mar-17,Conductivity Float Level Switch,4,11700,46800,42120,3790.8,3790.8,7581.6,50051.6,50051
60,61,3-Apr-17,ARH/A417/105,105,3-Apr-17,30-Mar-17,Miniature Level Switch,1,2850,2850,2850,256.5,256.5,513,3463,3463
61,62,3-Apr-17,ARH/A417/106,106,3-Apr-17,30-Mar-17,Reed Based Level Transmitter,1,6900,6900,6900,621,621,1242,8242,8242
62,63,3-Apr-17,ARH/A417/107,107,3-Apr-17,30-Mar-17,Conductivity Float Level Switch,4,11700,46800,39780,3580.2,3580.2,7160.4,46940.4,46940
63,64,4-Apr-17,ARH/A417/108,108,4-Apr-17,30-Mar-17,Conductivity Float Level Switch,1,11700,11700,11700,1053,1053,2106,13956,13956
64,65,12-Apr-17,ARH/A417/109,109,12-Apr-17,30-Mar-17,Miniature Level Switch,3,2850,8550,8550,769.5,769.5,1539,10089,10089
65,66,18-Apr-17,ARH/A417/110,110,18-Apr-17,30-Mar-17,Magnetic Float Level Switch,2,12300,24600,24600,2214,2214,4428,29028,29028
66,67,19-Apr-17,ARH/A417/111,111,19-Apr-17,4-Apr-17,Conductivity Float Level Switch,2,11700,23400,23400,2106,2106,4212,27612,27612
67,68,27-Apr-17,ARH/A417/112,112,27-Apr-17,5-Apr-17,Conductivity Float Level Switch,5,11700,58500,58500,5265,5265,10530,69030,69030
68,69,27-Apr-17,ARH/A417/113,113,27-Apr-17,15-Mar-17,Capicitance Type,1,35000,35000,35000,3150,3150,6300,41850,41850
69,70,27-Apr-17,ARH/A417/114,114,27-Apr-17,9-Apr-17,Magnetic Float Level Switch,2,12300,24600,23370,2103.3,2103.3,4206.6,27576.6,27576
70,71,28-Apr-17,ARH/A417/115,115,28-Apr-17,20-Mar-17,Capicitance Type,1,35000,35000,35000,3150,3150,6300,41750,41750
71,72,8-May-17,ARH/M517/100,100,8-May-17,5-Apr-17,By-Pass Level Indicator,1,3500,3500,3150,283.5,283.5,567,3842,3842
72,73,8-May-17,ARH/M517/101,101,8-May-17,8-Apr-17,Capicitance Type,1,35000,35000,35000,3150,3150,6300,41750,41750
73,74,9-May-17,ARH/M517/102,102,9-May-17,8-May-17,Tubuler Type Level Gauge,5,2900,14500,14500,1305,1305,2610,17249,17249
74,75,17-May-17,ARH/M517/103,103,17-May-17,25-Apr-17,Tubuler Type Level Gauge,2,2900,5800,5800,522,522,1044,6983,6983
75,76,17-May-17,ARH/M517/104,104,17-May-17,3-May-17,By-Pass Level Indicator,6,3500,21000,18900,1701,1701,3402,22427,22427
76,77,18-May-17,ARH/M517/105,105,18-May-17,27-Apr-17,Conductivity Level Switch,1,4250,4250,4250,382.5,382.5,765,5075,5075
77,78,22-May-17,ARH/M517/106,106,22-May-17,28-Apr-17,Tubuler Type Level Gauge,1,2900,2900,2610,234.9,234.9,469.8,3218.8,3218
78,79,25-May-17,ARH/M517/107,107,25-May-17,29-Apr-17,Cable Float Level Switch,2,10053,20106,20106,1809.54,1809.54,3619.08,23875.08,23875
79,80,25-May-17,ARH/M517/108,108,25-May-17,29-Apr-17,Tubuler Type Level Gauge,1,2900,2900,2610,234.9,234.9,469.8,3218.8,3218
80,81,25-May-17,ARH/M517/109,109,25-May-17,1-May-17,By-Pass Level Indicator,2,3500,7000,7000,630,630,1260,8385,8385
81,82,25-May-17,ARH/M517/110,110,25-May-17,20-May-17,Tubuler Type Level Gauge,3,2900,8700,8700,783,783,1566,10405,10405
82,83,29-May-17,ARH/M517/111,111,29-May-17,3-May-17,Reflex Level Gauge,1,7200,7200,7200,648,648,1296,8496,8496
83,84,1-Jun-17,ARH/J617/100,100,1-Jun-17,5-May-17,Tubuler Type Level Gauge,1,2900,2900,2610,234.9,234.9,469.8,3218.8,3218
84,85,1-Jun-17,ARH/J617/101,101,1-Jun-17,6-May-17,Tubuler Type Level Gauge,1,2900,2900,2900,261,261,522,3561,3561
85,86,5-Jun-17,ARH/J617/102,102,5-Jun-17,6-May-17,Reflex Level Gauge,6,7200,43200,43200,3888,3888,7776,50976,50976
86,87,6-Jun-17,ARH/J617/103,103,6-Jun-17,8-May-17,By-Pass Level Indicator,3,3500,10500,10500,945,945,1890,12390,12390
87,88,6-Jun-17,ARH/J617/104,104,6-Jun-17,9-May-17,Transparent Level Gauge,1,85000,85000,85000,7650,7650,15300,100800,100800
88,89,7-Jun-17,ARH/J617/105,105,7-Jun-17,10-May-17,Tubuler Type Level Gauge,6,2900,17400,17400,1566,1566,3132,20671,20671
89,90,8-Jun-17,ARH/J617/106,106,8-Jun-17,11-May-17,Tubuler Type Level Gauge,1,2900,2900,2755,247.95,247.95,495.9,3250.9,3250
90,91,9-Jun-17,ARH/J617/107,107,9-Jun-17,12-May-17,By-Pass Level Indicator,1,3500,3500,3500,315,315,630,4255,4255
91,92,10-Jun-17,ARH/J617/108,108,10-Jun-17,13-May-17,Capicitance Type,1,35000,35000,31500,2835,2835,5670,37620,37620
92,93,15-Jun-17,ARH/J617/109,109,15-Jun-17,13-Jun-17,Cable Float Level Switch,2,10053,20106,20106,1809.54,1809.54,3619.08,23875.08,23875
93,94,16-Jun-17,ARH/J617/110,110,16-Jun-17,13-May-17,Tubuler Type Level Gauge,1,2900,2900,2610,234.9,234.9,469.8,3218.8,3218
94,95,16-Jun-17,ARH/J617/111,111,16-Jun-17,16-May-17,Reflex Level Gauge,1,7200,7200,7200,648,648,1296,8496,8496
95,96,16-Jun-17,ARH/J617/112,112,16-Jun-17,17-May-17,By-Pass Level Indicator,1,3500,3500,3150,283.5,283.5,567,3842,3842
96,97,16-Jun-17,ARH/J617/113,113,16-Jun-17,18-May-17,Cable Float Level Switch,2,10053,20106,20106,1809.54,1809.54,3619.08,23875.08,23875
97,98,20-Jun-17,ARH/J617/114,114,20-Jun-17,19-Jun-17,Tubuler Type Level Gauge,3,2900,8700,7395,665.55,665.55,1331.1,8865.1,8865
98,99,21-Jun-17,ARH/J617/115,115,21-Jun-17,20-May-17,Conductivity Level Switch,1,4250,4250,4250,382.5,382.5,765,5075,5075
99,100,22-Jun-17,ARH/J617/116,116,22-Jun-17,22-May-17,Miniature Level Switch(SS),2,1502,3004,3004,270.36,270.36,540.72,3544.72,3544
100,101,23-Jun-17,ARH/J617/117,117,23-Jun-17,22-May-17,Miniature Level Switch(SS),2,1502,3004,3004,270.36,270.36,540.72,3544.72,3544
101,102,24-Jun-17,ARH/J617/118,118,24-Jun-17,22-May-17,Tubuler Type Level Gauge,1,2900,2900,2610,234.9,234.9,469.8,3218.8,3218
102,103,25-Jun-17,ARH/J617/119,119,25-Jun-17,24-May-17,By-Pass Level Indicator,1,3500,3500,3500,315,315,630,4255,4255
103,104,3-Jul-17,ARH/J717/100,100,3-Jul-17,2-Jun-17,Tubuler Type Level Gauge,2,2900,5800,5510,495.9,495.9,991.8,6501.8,6501
104,105,5-Jul-17,ARH/J717/101,101,5-Jul-17,5-Jun-17,Capicitance Type,3,35000,105000,105000,9450,9450,18900,124350,124350
105,106,5-Jul-17,ARH/J717/102,102,5-Jul-17,6-Jun-17,Float And Board Level Indicator,1,3520,3520,3520,316.8,316.8,633.6,4178.6,4178
106,107,6-Jul-17,ARH/J717/103,103,6-Jul-17,6-Jun-17,By-Pass Level Indicator,3,3500,10500,9450,850.5,850.5,1701,11151,11151
107,108,7-Jul-17,ARH/J717/104,104,7-Jul-17,10-Jun-17,Float And Board Level Indicator,4,3520,14080,14080,1267.2,1267.2,2534.4,16639.4,16639
108,109,8-Jul-17,ARH/J717/105,105,8-Jul-17,13-Jun-17,Conductivity Level Switch,1,4250,4250,4250,382.5,382.5,765,5075,5075
109,110,10-Jul-17,ARH/J717/106,106,10-Jul-17,13-Jun-17,Reflex Level Gauge,1,7200,7200,7200,648,648,1296,8496,8496
110,111,10-Jul-17,ARH/J717/107,107,10-Jul-17,5-Jul-17,Float And Board Level Indicator,1,3520,3520,3520,316.8,316.8,633.6,4178.6,4178
111,112,10-Jul-17,ARH/J717/108,108,10-Jul-17,15-Jun-17,Miniature Level Switch(SS),2,1502,3004,2553.4,229.806,229.806,459.612,3013.012,3013
112,113,13-Jul-17,ARH/J717/109,109,13-Jul-17,15-Jun-17,Capicitance Type,1,35000,35000,35000,3150,3150,6300,41750,41750
113,114,16-Jul-17,ARH/J717/110,110,16-Jul-17,21-Jun-17,Cable Float Level Switch,2,10053,20106,20106,1809.54,1809.54,3619.08,23875.08,23875
114,115,17-Jul-17,ARH/J717/111,111,17-Jul-17,22-Jun-17,Capicitance Type,2,35000,70000,63000,5670,5670,11340,74790,74790
115,116,17-Jul-17,ARH/J717/112,112,17-Jul-17,23-Jun-17,Cable Float Level Switch,2,10053,20106,20106,1809.54,1809.54,3619.08,23875.08,23875
116,117,17-Jul-17,ARH/J717/113,113,17-Jul-17,29-Jun-17,Float And Board Level Indicator,5,3520,17600,17600,1584,1584,3168,20793,20793
117,118,17-Jul-17,ARH/J717/114,114,17-Jul-17,5-Jul-17,Float And Board Level Indicator,1,3520,3520,3520,316.8,316.8,633.6,4178.6,4178
118,119,20-Jul-17,ARH/J717/115,115,20-Jul-17,16-Jul-17,Transparent Level Gauge,1,85000,85000,85000,7650,7650,15300,100300,100300
119,120,25-Jul-17,ARH/J717/116,116,25-Jul-17,10-Jul-17,Capicitance Type,1,35000,35000,31500,2835,2835,5670,37620,37620
120,121,1-Aug-17,ARH/A817/100,100,1-Aug-17,16-Jul-17,By-Pass Level Indicator,3,3500,10500,9450,850.5,850.5,1701,11151,11151
121,122,2-Aug-17,ARH/A817/101,101,2-Aug-17,16-Jul-17,Magnetic Float Level Switch,3,12300,36900,36900,3321,3321,6642,43792,43792
122,123,3-Aug-17,ARH/A817/102,102,3-Aug-17,16-Jul-17,Tubuler Type Level Gauge,2,2900,5800,5800,522,522,1044,6844,6844
123,124,4-Aug-17,ARH/A817/103,103,4-Aug-17,20-Jul-17,Reflex Level Gauge,1,7200,7200,7200,648,648,1296,8496,8496
124,125,5-Aug-17,ARH/A817/104,104,5-Aug-17,21-Jul-17,Conductivity Float Level Switch,4,11700,46800,46800,4212,4212,8424,55224,55224
125,126,5-Aug-17,ARH/A817/105,105,5-Aug-17,21-Jul-17,Magnetic Float Level Switch,3,12300,36900,35055,3154.95,3154.95,6309.9,41614.9,41614
126,127,5-Aug-17,ARH/A817/106,106,5-Aug-17,1-Aug-17,Cable Float Level Switch,2,10053,20106,20106,1809.54,1809.54,3619.08,23875.08,23875
127,128,8-Aug-17,ARH/A817/107,107,8-Aug-17,22-Jul-17,Conductivity Float Level Switch,4,11700,46800,42120,3790.8,3790.8,7581.6,49701.6,49701
128,129,14-Aug-17,ARH/A817/108,108,14-Aug-17,23-Jul-17,Conductivity Float Level Switch,2,11700,23400,23400,2106,2106,4212,27612,27612
129,130,15-Aug-17,ARH/A817/109,109,15-Aug-17,25-Jul-17,Capicitance Type,1,35000,35000,31500,2835,2835,5670,37620,37620
130,131,19-Aug-17,ARH/A817/110,110,19-Aug-17,12-Aug-17,Transparent Level Gauge,1,85000,85000,85000,7650,7650,15300,100300,100300
131,132,21-Aug-17,ARH/A817/111,111,21-Aug-17,25-Jul-17,Conductivity Float Level Switch,4,11700,46800,46800,4212,4212,8424,55224,55224
132,133,22-Aug-17,ARH/A817/112,112,22-Aug-17,20-Jul-17,Magnetic Float Level Switch,3,12300,36900,35055,3154.95,3154.95,6309.9,41614.9,41614
133,134,24-Aug-17,ARH/A817/113,113,24-Aug-17,30-Jul-17,Cable Float Level Switch,2,10053,20106,20106,1809.54,1809.54,3619.08,23875.08,23875
134,135,6-Sep-17,ARH/S917/100,100,6-Sep-17,1-Sep-17,By-Pass Level Indicator,1,3500,3500,3500,315,315,630,4255,4255
135,136,13-Sep-17,ARH/S917/101,101,13-Sep-17,5-Aug-17,Tubuler Type Level Gauge,2,2900,5800,5800,522,522,1044,6844,6844
136,137,19-Sep-17,ARH/S917/102,102,19-Sep-17,2-Sep-17,Capicitance Type,1,35000,35000,35000,3150,3150,6300,41300,41300
137,138,20-Sep-17,ARH/S917/103,103,20-Sep-17,3-Sep-17,Conductivity Level Switch,1,4250,4250,4250,382.5,382.5,765,5075,5075
138,139,28-Sep-17,ARH/S917/104,104,28-Sep-17,20-Aug-17,Cable Float Level Switch,2,10053,20106,20106,1809.54,1809.54,3619.08,23875.08,23875
139,140,14-Oct-17,ARH/O1017/100,100,14-Oct-17,12-Oct-17,Capicitance Type,1,35000,35000,35000,3150,3150,6300,41300,41300
140,141,14-Oct-17,ARH/O1017/101,101,14-Oct-17,12-Oct-17,Tubuler Type Level Gauge,2,2900,5800,5800,522,522,1044,6844,6844
141,142,6-Nov-17,ARH/N1117/100,100,6-Nov-17,,By-Pass Level Indicator,3,3500,10500,9450,850.5,850.5,1701,11151,11151
142,143,10-Nov-17,ARH/N1117/101,101,10-Nov-17,5-Oct-17,Capicitance Type,3,35000,105000,105000,9450,9450,18900,124350,124350
143,144,11-Nov-17,ARH/N1117/102,102,11-Nov-17,,Cable Float Level Switch,2,10053,20106,20106,1809.54,1809.54,3619.08,23875.08,23875
144,145,11-Nov-17,ARH/N1117/103,103,11-Nov-17,7-Oct-17,Float And Board Level Indicator,1,3520,3520,3520,316.8,316.8,633.6,4153.6,4153
145,146,13-Nov-17,ARH/N1117/104,104,13-Nov-17,8-Oct-17,Capicitance Type,2,35000,70000,70000,6300,6300,12600,82600,82600
146,147,14-Nov-17,ARH/N1117/105,105,14-Nov-17,9-Oct-17,Float And Board Level Indicator,4,3520,14080,14080,1267.2,1267.2,2534.4,16639.4,16639
147,148,16-Nov-17,ARH/N1117/106,106,16-Nov-17,,Tubuler Type Level Gauge,2,2900,5800,5510,495.9,495.9,991.8,6501.8,6501
148,149,25-Nov-17,ARH/N1117/107,107,25-Nov-17,11-Oct-17,Conductivity Level Switch,1,4250,4250,4250,382.5,382.5,765,5075,5075
149,150,25-Nov-17,ARH/N1117/108,108,25-Nov-17,,Float And Board Level Indicator,3,3520,10560,10560,950.4,950.4,1900.8,12485.8,12485
150,151,25-Nov-17,ARH/N1117/109,109,25-Nov-17,13-Oct-17,Capicitance Type,1,35000,35000,31500,2835,2835,5670,37620,37620
151,152,4-Dec-17,ARH/D1217/100,100,4-Dec-17,7-Nov-17,Conductivity Float Level Switch,4,11700,46800,42120,3790.8,3790.8,7581.6,49701.6,49701
152,153,5-Dec-17,ARH/D1217/101,101,5-Dec-17,6-Aug-17,Magnetic Float Level Switch,3,12300,36900,36900,3321,3321,6642,43792,43792
153,154,6-Dec-17,ARH/D1217/102,102,6-Dec-17,9-Nov-17,Capicitance Type,1,35000,35000,31500,2835,2835,5670,37570,37570
154,155,7-Dec-17,ARH/D1217/103,103,7-Dec-17,10-Nov-17,Tubuler Type Level Gauge,2,2900,5800,5510,495.9,495.9,991.8,6501.8,6501
155,156,8-Dec-17,ARH/D1217/104,104,8-Dec-17,11-Nov-17,Conductivity Float Level Switch,4,11700,46800,46800,4212,4212,8424,55224,55224
156,157,9-Dec-17,ARH/D1217/105,105,9-Dec-17,12-Nov-17,By-Pass Level Indicator,3,3500,10500,10500,945,945,1890,12390,12390
157,158,13-Dec-17,ARH/D1217/106,106,13-Dec-17,13-Nov-17,Magnetic Float Level Switch,3,12300,36900,35055,3154.95,3154.95,6309.9,41514.9,41514
158,159,13-Dec-17,ARH/D1217/107,107,13-Dec-17,14-Nov-17,Reflex Level Gauge,1,7200,7200,7200,648,648,1296,8496,8496
159,160,13-Dec-17,ARH/D1217/108,108,13-Dec-17,15-Nov-17,Transparent Level Gauge,1,85000,85000,85000,7650,7650,15300,100300,100300
160,161,13-Dec-17,ARH/D1217/109,109,13-Dec-17,16-Nov-17,Magnetic Float Level Switch,3,12300,36900,35055,3154.95,3154.95,6309.9,41614.9,41614
161,162,14-Dec-17,ARH/D1217/110,110,14-Dec-17,17-Nov-17,Cable Float Level Switch,2,10053,20106,20106,1809.54,1809.54,3619.08,23875.08,23875
162,163,15-Dec-17,ARH/D1217/111,111,15-Dec-17,18-Nov-17,Level Transmitter for Magnetic Level  Gauge,1,7200,7200,7200,648,648,1296,8496,8496
163,164,16-Dec-17,ARH/D1217/112,112,16-Dec-17,19-Nov-17,Conductivity Float Level Switch,4,11700,46800,46800,4212,4212,8424,55224,55224
164,165,18-Dec-17,ARH/D1217/113,113,18-Dec-17,15-Dec-17,Miniature Level Switch(SS),2,1502,3004,2553.4,229.806,229.806,459.612,3013.012,3013
165,166,18-Dec-17,ARH/D1217/114,114,18-Dec-17,21-Nov-17,Capicitance Type,1,35000,35000,31500,2835,2835,5670,37620,37620
166,167,18-Dec-17,ARH/D1217/115,115,18-Dec-17,22-Nov-17,Magnetic Float Level Switch,3,12300,36900,36900,3321,3321,6642,43742,43742
167,168,20-Dec-17,ARH/D1217/116,116,20-Dec-17,23-Nov-17,Conductivity Float Level Switch,4,11700,46800,46800,4212,4212,8424,55224,55224
168,169,21-Dec-17,ARH/D1217/117,117,21-Dec-17,24-Nov-17,Magnetic Float Level Switch,3,12300,36900,36900,3321,3321,6642,43792,43792
169,170,22-Dec-17,ARH/D1217/118,118,22-Dec-17,20-Dec-17,Magnetic Float Level Switch,3,12300,36900,35055,3154.95,3154.95,6309.9,41614.9,41614
170,171,23-Dec-17,ARH/D1217/119,119,23-Dec-17,26-Nov-17,Capicitance Type,1,35000,35000,35000,3150,3150,6300,41300,41300
171,172,25-Dec-17,ARH/D1217/120,120,25-Dec-17,27-Nov-17,Miniature Level Switch(SS),2,1502,3004,3004,270.36,270.36,540.72,3544.72,3544
172,173,25-Dec-17,ARH/D1217/121,121,25-Dec-17,28-Nov-17,Cable Float Level Switch,2,10053,20106,20106,1809.54,1809.54,3619.08,23875.08,23875
173,174,25-Dec-17,ARH/D1217/122,122,25-Dec-17,29-Nov-17,Conductivity Float Level Switch,4,11700,46800,42120,3790.8,3790.8,7581.6,49701.6,49701
174,175,27-Dec-17,ARH/D1217/123,123,27-Dec-17,30-Nov-17,Transparent Level Gauge,1,85000,85000,85000,7650,7650,15300,100300,100300
175,176,28-Dec-17,ARH/D1217/124,124,28-Dec-17,1-Dec-17,Conductivity Float Level Switch,4,11700,46800,42120,3790.8,3790.8,7581.6,49851.6,49851
176,Sr.No,Date,Invoice No,Challan No,Challan Date,P.O. Date,Product Name,Qty,Unit Price,Amount,Total Value,CGST(9%),SGST(9%),GST Tax Total,Sub Total,Total
177,1,1-Jan-18,ARH/J118/100,100,1-Jan-18,7-Dec-17,Tubuler Type Level Gauge,3,2900,8700,8700,783,783,1566,10391,10391
178,2,3-Jan-18,ARH/J118/101,101,3-Jan-18,8-Dec-17,By-Pass Level Indicator,2,3500,7000,7000,630,630,1260,8260,8260
179,3,4-Jan-18,ARH/J118/102,102,4-Jan-18,9-Dec-17,Magnetic Float Level Switch,1,12300,12300,11685,1051.65,1051.65,2103.3,14138.3,14138
180,4,4-Jan-18,ARH/J118/103,103,4-Jan-18,10-Dec-17,By-Pass Level Indicator,5,3500,17500,17500,1575,1575,3150,20650,20650
181,5,8-Jan-18,ARH/J118/104,104,8-Jan-18,3-Jan-18,Capicitance Type,1,35000,35000,35000,3150,3150,6300,41750,41750
182,6,10-Jan-18,ARH/J118/105,105,10-Jan-18,12-Dec-17,Tubuler Type Level Gauge,3,2900,8700,7395,665.55,665.55,1331.1,8851.1,8851
183,7,11-Jan-18,ARH/J118/106,106,11-Jan-18,13-Dec-17,Capicitance Type,1,35000,35000,35000,3150,3150,6300,41300,41300
184,8,12-Jan-18,ARH/J118/107,107,12-Jan-18,14-Dec-17,Conductivity Level Switch,2,4250,8500,8500,765,765,1530,10090,10090
185,9,13-Jan-18,ARH/J118/108,108,13-Jan-18,21-Dec-17,Float And Board Level Indicator,1,3520,3520,3520,316.8,316.8,633.6,4178.6,4178
186,10,15-Jan-18,ARH/J118/109,109,15-Jan-18,16-Dec-17,Tubuler Type Level Gauge,2,2900,5800,5800,522,522,1044,6969,6969
187,11,15-Jan-18,ARH/J118/110,110,15-Jan-18,17-Dec-17,By-Pass Level Indicator,5,3500,17500,17500,1575,1575,3150,20650,20650
188,12,15-Jan-18,ARH/J118/111,111,15-Jan-18,12-Jan-18,Reflex Level Gauge,1,7200,7200,7200,648,648,1296,8496,8496
189,13,16-Jan-18,ARH/J118/112,112,16-Jan-18,19-Dec-17,Tubuler Type Level Gauge,5,2900,14500,14500,1305,1305,2610,17235,17235
190,14,19-Jan-18,ARH/J118/113,113,19-Jan-18,20-Dec-17,Tubuler Type Level Gauge,2,2900,5800,5220,469.8,469.8,939.6,6284.6,6284
191,15,20-Jan-18,ARH/J118/114,114,20-Jan-18,21-Dec-17,Side Mount Level Switch,1,6000,6000,6000,540,540,1080,7080,7080
192,16,20-Jan-18,ARH/J118/115,115,20-Jan-18,22-Dec-17,By-Pass Level Indicator,3,3500,10500,10500,945,945,1890,12390,12390
193,17,27-Jan-18,ARH/J118/116,116,27-Jan-18,30-Dec-17,Transparent Level Gauge,1,85000,85000,85000,7650,7650,15300,100300,100300
194,18,1-Feb-18,ARH/F218/100,100,1-Feb-18,3-Jan-18,Magnetic Float Level Switch,5,12300,61500,52275,4704.75,4704.75,9409.5,62034.5,62034
195,19,2-Feb-18,ARH/F218/101,101,2-Feb-18,4-Jan-18,Conductivity Float Level Switch,3,11700,35100,35100,3159,3159,6318,41768,41768
196,20,3-Feb-18,ARH/F218/102,102,3-Feb-18,5-Jan-18,Side Mount Level Switch,1,6000,6000,6000,540,540,1080,7080,7080
197,21,6-Feb-18,ARH/F218/103,103,6-Feb-18,15-Jan-18,Miniature Level Switch,1,2850,2850,2850,256.5,256.5,513,3363,3363
198,22,7-Feb-18,ARH/F218/104,104,7-Feb-18,7-Jan-18,External Chambers,1,4200,4200,4200,378,378,756,4956,4956
199,23,8-Feb-18,ARH/F218/105,105,8-Feb-18,8-Jan-18,Transparent Level Gauge,2,85000,170000,170000,15300,15300,30600,200600,200600
200,24,9-Feb-18,ARH/F218/106,106,9-Feb-18,17-Jan-18,Reflex Level Gauge,1,7200,7200,6480,583.2,583.2,1166.4,7646.4,7646
201,25,10-Feb-18,ARH/F218/107,107,10-Feb-18,10-Jan-18,Magnetic Float Level Switch,4,12300,49200,49200,4428,4428,8856,58406,58406
202,26,12-Feb-18,ARH/F218/108,108,12-Feb-18,11-Jan-18,Conductivity Float Level Switch,5,11700,58500,58500,5265,5265,10530,69380,69380
203,27,12-Feb-18,ARH/F218/109,109,12-Feb-18,8-Feb-18,Tubuler Type Level Gauge,1,2900,2900,2900,261,261,522,3547,3547
204,28,13-Feb-18,ARH/F218/110,110,13-Feb-18,13-Jan-18,Magnetic Float Level Switch,3,12300,36900,36900,3321,3321,6642,43892,43892
205,29,14-Feb-18,ARH/F218/111,111,14-Feb-18,14-Jan-18,Cable Float Level Switch,1,10053,10053,10053,904.77,904.77,1809.54,12012.54,12012
206,30,15-Feb-18,ARH/F218/112,112,15-Feb-18,15-Jan-18,Conductivity Float Level Switch,2,11700,23400,23400,2106,2106,4212,27962,27962
207,31,16-Feb-18,ARH/F218/113,113,16-Feb-18,16-Jan-18,Transparent Level Gauge,1,85000,85000,85000,7650,7650,15300,100300,100300
208,32,17-Feb-18,ARH/F218/114,114,17-Feb-18,17-Jan-18,Capicitance Type,1,35000,35000,33250,2992.5,2992.5,5985,39685,39685
209,33,19-Feb-18,ARH/F218/115,115,19-Feb-18,12-Feb-18,Magnetic Float Level Switch,3,12300,36900,35055,3154.95,3154.95,6309.9,41714.9,41714
210,34,20-Feb-18,ARH/F218/116,116,20-Feb-18,19-Jan-18,By-Pass Level Indicator,1,3500,3500,3500,315,315,630,4130,4130
211,35,21-Feb-18,ARH/F218/117,117,21-Feb-18,20-Jan-18,Conductivity Float Level Switch,4,11700,46800,46800,4212,4212,8424,55574,55574
212,36,22-Feb-18,ARH/F218/118,118,22-Feb-18,17-Jan-18,Float And Board Level Indicator,1,3520,3520,3520,316.8,316.8,633.6,4178.6,4178
213,37,23-Feb-18,ARH/F218/119,119,23-Feb-18,22-Jan-18,Magnetic Float Level Switch,2,12300,24600,24600,2214,2214,4428,29378,29378
214,38,27-Feb-18,ARH/F218/120,120,27-Feb-18,28-Jan-18,Miniature Level Switch,1,2850,2850,2850,256.5,256.5,513,3363,3363
215,39,2-Mar-18,ARH/M318/100,100,2-Mar-18,10-Feb-18,By-Pass Level Indicator,1,3500,3500,3500,315,315,630,4130,4130
216,40,3-Mar-18,ARH/M318/101,101,3-Mar-18,11-Feb-18,Tubuler Type Level Gauge,1,2900,2900,2900,261,261,522,3547,3547
217,41,7-Mar-18,ARH/M318/102,102,7-Mar-18,12-Feb-18,Side Mount Level Switch,5,6000,30000,30000,2700,2700,5400,35400,35400
218,42,7-Mar-18,ARH/M318/103,103,7-Mar-18,25-Feb-18,Magnetic Float Level Switch,1,12300,12300,11685,1051.65,1051.65,2103.3,14138.3,14138
219,43,7-Mar-18,ARH/M318/104,104,7-Mar-18,14-Feb-18,Float And Board Level Indicator,3,3520,10560,10560,950.4,950.4,1900.8,12485.8,12485
220,44,7-Mar-18,ARH/M318/105,105,7-Mar-18,15-Feb-18,Reflex Level Gauge,1,7200,7200,7200,648,648,1296,8496,8496
221,45,8-Mar-18,ARH/M318/106,106,8-Mar-18,1-Mar-18,Transparent Level Gauge,1,85000,85000,85000,7650,7650,15300,100300,100300
222,46,9-Mar-18,ARH/M318/107,107,9-Mar-18,17-Feb-18,Side Mount Level Switch,3,6000,18000,18000,1620,1620,3240,21240,21240
223,47,10-Mar-18,ARH/M318/108,108,10-Mar-18,25-Feb-18,Cable Float Level Switch,1,10053,10053,10053,904.77,904.77,1809.54,12012.54,12012
224,48,12-Mar-18,ARH/M318/109,109,12-Mar-18,19-Feb-18,Miniature Level Switch(SS),1,1502,1502,1276.7,114.903,114.903,229.806,1506.506,1506
225,49,12-Mar-18,ARH/M318/110,110,12-Mar-18,20-Feb-18,Capicitance Type,1,35000,35000,35000,3150,3150,6300,41750,41750
226,50,13-Mar-18,ARH/M318/111,111,13-Mar-18,21-Feb-18,Side Mount Level Switch,2,6000,12000,12000,1080,1080,2160,14160,14160
227,51,14-Mar-18,ARH/M318/112,112,14-Mar-18,10-Mar-18,Miniature Level Switch,1,2850,2850,2850,256.5,256.5,513,3363,3363
228,52,15-Mar-18,ARH/M318/113,113,15-Mar-18,23-Feb-18,Side Mount Level Switch,2,6000,12000,12000,1080,1080,2160,14160,14160
229,53,16-Mar-18,ARH/M318/114,114,16-Mar-18,24-Feb-18,Conductivity Float Level Switch,1,11700,11700,11115,1000.35,1000.35,2000.7,13465.7,13465
230,54,17-Mar-18,ARH/M318/115,115,17-Mar-18,25-Feb-18,External Chambers,1,4200,4200,3990,359.1,359.1,718.2,4708.2,4708
231,55,20-Mar-18,ARH/M318/116,116,20-Mar-18,26-Feb-18,Side Mount Level Switch,2,6000,12000,12000,1080,1080,2160,14160,14160
232,56,23-Mar-18,ARH/M318/117,117,23-Mar-18,27-Feb-18,Miniature Level Switch,1,2850,2850,2850,256.5,256.5,513,3363,3363
233,57,27-Mar-18,ARH/M318/118,118,27-Mar-18,1-Mar-18,Float And Board Level Indicator,1,3520,3520,3520,316.8,316.8,633.6,4178.6,4178
234,58,2-Apr-18,ARH/A418/100,100,2-Apr-18,1-Mar-18,Magnetic Float Level Switch,3,12300,36900,35055,3154.95,3154.95,6309.9,41714.9,41714
235,59,3-Apr-18,ARH/A418/101,101,3-Apr-18,,By-Pass Level Indicator,1,3500,3500,3500,315,315,630,4130,4130
236,60,4-Apr-18,ARH/A418/102,102,4-Apr-18,3-Mar-18,Conductivity Float Level Switch,5,11700,58500,55575,5001.75,5001.75,10003.5,65928.5,65928
237,61,5-Apr-18,ARH/A418/103,103,5-Apr-18,4-Mar-18,Tubuler Type Level Gauge,1,2900,2900,2900,261,261,522,3547,3547
238,62,6-Apr-18,ARH/A418/104,104,6-Apr-18,5-Mar-18,Magnetic Float Level Switch,2,12300,24600,23370,2103.3,2103.3,4206.6,27926.6,27926
239,63,7-Apr-18,ARH/A418/105,105,7-Apr-18,18-Mar-18,Transparent Level Gauge,1,85000,85000,85000,7650,7650,15300,100300,100300
240,64,10-Apr-18,ARH/A418/106,106,10-Apr-18,,Capicitance Type,1,35000,35000,35000,3150,3150,6300,41750,41750
241,65,10-Apr-18,ARH/A418/107,107,10-Apr-18,8-Mar-18,Reflex Level Gauge,1,7200,7200,7200,648,648,1296,8496,8496
242,66,10-Apr-18,ARH/A418/108,108,10-Apr-18,9-Mar-18,Magnetic Float Level Switch,2,12300,24600,24600,2214,2214,4428,29378,29378
243,67,11-Apr-18,ARH/A418/109,109,11-Apr-18,10-Apr-18,Conductivity Float Level Switch,4,11700,46800,44460,4001.4,4001.4,8002.8,52812.8,52812
244,68,12-Apr-18,ARH/A418/110,110,12-Apr-18,,Float And Board Level Indicator,1,3520,3520,3520,316.8,316.8,633.6,4178.6,4178
245,69,13-Apr-18,ARH/A418/111,111,13-Apr-18,18-Mar-18,Miniature Level Switch(SS),1,1502,1502,1502,135.18,135.18,270.36,1772.36,1772
246,70,14-Apr-18,ARH/A418/112,112,14-Apr-18,13-Mar-18,Magnetic Float Level Switch,3,12300,36900,35055,3154.95,3154.95,6309.9,41714.9,41714
247,71,14-Apr-18,ARH/A418/113,113,14-Apr-18,14-Mar-18,Side Mount Level Switch,1,6000,6000,6000,540,540,1080,7080,7080
248,72,16-Apr-18,ARH/A418/114,114,16-Apr-18,10-Apr-18,Conductivity Float Level Switch,2,11700,23400,22230,2000.7,2000.7,4001.4,26581.4,26581
249,73,17-Apr-18,ARH/A418/115,115,17-Apr-18,16-Mar-18,External Chambers,1,4200,4200,3990,359.1,359.1,718.2,4708.2,4708
250,74,18-Apr-18,ARH/A418/116,116,18-Apr-18,,Cable Float Level Switch,2,10053,20106,20106,1809.54,1809.54,3619.08,23875.08,23875
251,75,19-Apr-18,ARH/A418/117,117,19-Apr-18,18-Mar-18,Miniature Level Switch,1,2850,2850,2850,256.5,256.5,513,3363,3363
252,76,20-Apr-18,ARH/A418/118,118,20-Apr-18,19-Mar-18,Magnetic Float Level Switch,5,12300,61500,58425,5258.25,5258.25,10516.5,69291.5,69291
253,77,21-Apr-18,ARH/A418/119,119,21-Apr-18,20-Mar-18,Conductivity Float Level Switch,2,11700,23400,22230,2000.7,2000.7,4001.4,26581.4,26581
254,78,28-Apr-18,ARH/A418/120,120,28-Apr-18,25-Apr-18,Miniature Level Switch,1,2850,2850,2850,256.5,256.5,513,3363,3363
255,79,5-May-18,ARH/M518/100,100,5-May-18,10-Apr-18,By-Pass Level Indicator,4,3500,14000,14000,1260,1260,2520,16520,16520
256,80,6-May-18,ARH/M518/101,101,6-May-18,11-Apr-18,Side Mount Level Switch,1,6000,6000,6000,540,540,1080,7080,7080
257,81,7-May-18,ARH/M518/102,102,7-May-18,27-Apr-18,Miniature Level Switch,1,2850,2850,2850,256.5,256.5,513,3363,3363
258,82,8-May-18,ARH/M518/103,103,8-May-18,13-Apr-18,Tubuler Type Level Gauge,5,2900,14500,14500,1305,1305,2610,17235,17235
259,83,9-May-18,ARH/M518/104,104,9-May-18,14-Apr-18,Float And Board Level Indicator,1,3520,3520,3520,316.8,316.8,633.6,4178.6,4178
260,84,10-May-18,ARH/M518/105,105,10-May-18,15-Apr-18,By-Pass Level Indicator,2,3500,7000,7000,630,630,1260,8260,8260
261,85,11-May-18,ARH/M518/106,106,11-May-18,1-May-18,Miniature Level Switch,1,2850,2850,2850,256.5,256.5,513,3363,3363
262,86,12-May-18,ARH/M518/107,107,12-May-18,17-Apr-18,Tubuler Type Level Gauge,3,2900,8700,8700,783,783,1566,10391,10391
263,87,12-May-18,ARH/M518/108,108,12-May-18,14-Apr-18,External Chambers,2,4200,8400,7980,718.2,718.2,1436.4,9416.4,9416
264,88,14-May-18,ARH/M518/109,109,14-May-18,19-Apr-18,Capicitance Type,1,35000,35000,35000,3150,3150,6300,41750,41750
265,89,15-May-18,ARH/M518/110,110,15-May-18,20-Apr-18,By-Pass Level Indicator,3,3500,10500,10500,945,945,1890,12390,12390
266,90,16-May-18,ARH/M518/111,111,16-May-18,10-May-18,Conductivity Float Level Switch,1,11700,11700,11115,1000.35,1000.35,2000.7,13465.7,13465
267,91,17-May-18,ARH/M518/112,112,17-May-18,14-Apr-18,Tubuler Type Level Gauge,2,2900,5800,5800,522,522,1044,6969,6969
268,92,18-May-18,ARH/M518/113,113,18-May-18,23-Apr-18,Cable Float Level Switch,1,10053,10053,10053,904.77,904.77,1809.54,12012.54,12012
269,93,18-May-18,ARH/M518/114,114,18-May-18,24-Apr-18,Miniature Level Switch(SS),1,1502,1502,1276.7,114.903,114.903,229.806,1506.506,1506
270,94,18-May-18,ARH/M518/115,115,18-May-18,25-Apr-18,By-Pass Level Indicator,2,3500,7000,7000,630,630,1260,8260,8260
271,95,21-May-18,ARH/M518/116,116,21-May-18,14-Apr-18,Transparent Level Gauge,1,85000,85000,85000,7650,7650,15300,100300,100300
272,96,22-May-18,ARH/M518/117,117,22-May-18,27-Apr-18,Tubuler Type Level Gauge,4,2900,11600,11600,1044,1044,2088,13813,13813
273,97,23-May-18,ARH/M518/118,118,23-May-18,28-Apr-18,Reflex Level Gauge,1,7200,7200,7200,648,648,1296,8496,8496
274,98,24-May-18,ARH/M518/119,119,24-May-18,14-Apr-18,By-Pass Level Indicator,5,3500,17500,17500,1575,1575,3150,20650,20650
275,99,25-May-18,ARH/M518/120,120,25-May-18,30-Apr-18,Float And Board Level Indicator,1,3520,3520,3520,316.8,316.8,633.6,4178.6,4178
276,100,25-May-18,ARH/M518/121,121,25-May-18,23-Apr-18,Magnetic Float Level Switch,2,12300,24600,23370,2103.3,2103.3,4206.6,27926.6,27926
277,101,1-Jun-18,ARH/J618/100,100,1-Jun-18,6-May-18,Tubuler Type Level Gauge,3,2900,8700,8700,783,783,1566,10391,10391
278,102,2-Jun-18,ARH/J618/101,101,2-Jun-18,7-May-18,Transparent Level Gauge,1,85000,85000,85000,7650,7650,15300,100300,100300
279,103,5-Jun-18,ARH/J618/102,102,5-Jun-18,2-Jun-18,By-Pass Level Indicator,2,3500,7000,7000,630,630,1260,8260,8260
280,104,6-Jun-18,ARH/J618/103,103,6-Jun-18,,Magnetic Float Level Switch,1,12300,12300,11685,1051.65,1051.65,2103.3,14138.3,14138
281,105,7-Jun-18,ARH/J618/104,104,7-Jun-18,10-May-18,Tubuler Type Level Gauge,2,2900,5800,5800,522,522,1044,6969,6969
282,106,8-Jun-18,ARH/J618/105,105,8-Jun-18,,Capicitance Type,1,35000,35000,35000,3150,3150,6300,41750,41750
283,107,9-Jun-18,ARH/J618/106,106,9-Jun-18,12-May-18,By-Pass Level Indicator,5,3500,17500,17500,1575,1575,3150,20650,20650
284,108,10-Jun-18,ARH/J618/107,107,10-Jun-18,,Side Mount Level Switch,1,6000,6000,6000,540,540,1080,7080,7080
285,109,11-Jun-18,ARH/J618/108,108,11-Jun-18,14-May-18,Conductivity Float Level Switch,1,11700,11700,11115,1000.35,1000.35,2000.7,13465.7,13465
286,110,12-Jun-18,ARH/J618/109,109,12-Jun-18,10-Jun-18,Tubuler Type Level Gauge,5,2900,14500,14500,1305,1305,2610,17235,17235
287,111,13-Jun-18,ARH/J618/110,110,13-Jun-18,,By-Pass Level Indicator,2,3500,7000,7000,630,630,1260,8260,8260
288,112,14-Jun-18,ARH/J618/111,111,14-Jun-18,17-May-18,Float And Board Level Indicator,1,3520,3520,3520,316.8,316.8,633.6,4178.6,4178
289,113,15-Jun-18,ARH/J618/112,112,15-Jun-18,18-May-18,Reflex Level Gauge,1,7200,7200,7200,648,648,1296,8496,8496
290,114,15-Jun-18,ARH/J618/113,113,15-Jun-18,,Tubuler Type Level Gauge,2,2900,5800,5800,522,522,1044,6969,6969
291,115,15-Jun-18,ARH/J618/114,114,15-Jun-18,20-May-18,By-Pass Level Indicator,3,3500,10500,10500,945,945,1890,12390,12390
292,116,18-Jun-18,ARH/J618/115,115,18-Jun-18,15-Jun-18,Tubuler Type Level Gauge,3,2900,8700,8700,783,783,1566,10391,10391
293,117,2-Jul-18,ARH/J718/100,100,2-Jul-18,5-Jun-18,Side Mount Level Switch,1,6000,6000,6000,540,540,1080,7080,7080
294,118,6-Jul-18,ARH/J718/101,101,6-Jul-18,6-Jun-18,Tubuler Type Level Gauge,1,2900,2900,2900,261,261,522,3547,3547
295,119,7-Jul-18,ARH/J718/102,102,7-Jul-18,7-Jun-18,Magnetic Float Level Switch,1,12300,12300,11685,1051.65,1051.65,2103.3,14138.3,14138
296,120,7-Jul-18,ARH/J718/103,103,7-Jul-18,8-Jun-18,Capicitance Type,5,35000,175000,175000,15750,15750,31500,206950,206950
297,121,10-Jul-18,ARH/J718/104,104,10-Jul-18,9-Jun-18,Transparent Level Gauge,1,85000,85000,85000,7650,7650,15300,100300,100300
298,122,12-Jul-18,ARH/J718/105,105,12-Jul-18,10-Jun-18,Float And Board Level Indicator,2,3520,7040,7040,633.6,633.6,1267.2,8332.2,8332
299,123,13-Jul-18,ARH/J718/106,106,13-Jul-18,11-Jul-18,Capicitance Type,2,35000,70000,70000,6300,6300,12600,83050,83050
300,124,14-Jul-18,ARH/J718/107,107,14-Jul-18,12-Jun-18,Float And Board Level Indicator,5,3520,17600,15840,1425.6,1425.6,2851.2,18716.2,18716
301,125,16-Jul-18,ARH/J718/108,108,16-Jul-18,13-Jun-18,Reflex Level Gauge,1,7200,7200,7200,648,648,1296,8496,8496
302,126,16-Jul-18,ARH/J718/109,109,16-Jul-18,14-Jun-18,Capicitance Type,3,35000,105000,105000,9450,9450,18900,124350,124350
303,127,17-Jul-18,ARH/J718/110,110,17-Jul-18,14-Jun-18,By-Pass Level Indicator,1,3500,3500,3500,315,315,630,4130,4130
304,128,18-Jul-18,ARH/J718/111,111,18-Jul-18,16-Jul-18,Conductivity Float Level Switch,1,11700,11700,11115,1000.35,1000.35,2000.7,13465.7,13465
305,129,19-Jul-18,ARH/J718/112,112,19-Jul-18,17-Jun-18,Float And Board Level Indicator,1,3520,3520,3520,316.8,316.8,633.6,4178.6,4178
306,130,20-Jul-18,ARH/J718/113,113,20-Jul-18,18-Jun-18,Capicitance Type,1,35000,35000,35000,3150,3150,6300,41750,41750
307,131,21-Jul-18,ARH/J718/114,114,21-Jul-18,19-Jun-18,Float And Board Level Indicator,3,3520,10560,10560,950.4,950.4,1900.8,12485.8,12485
308,132,25-Jul-18,ARH/J718/115,115,25-Jul-18,22-Jun-18,Capicitance Type,2,35000,70000,70000,6300,6300,12600,83050,83050
309,133,2-Aug-18,ARH/A818/100,100,2-Aug-18,,Float And Board Level Indicator,1,3520,3520,3520,316.8,316.8,633.6,4178.6,4178
310,134,2-Aug-18,ARH/A818/101,101,2-Aug-18,15-Jul-18,Magnetic Float Level Switch,3,12300,36900,35055,3154.95,3154.95,6309.9,41714.9,41714
311,135,2-Aug-18,ARH/A818/102,102,2-Aug-18,15-Jul-18,Side Mount Level Switch,1,6000,6000,6000,540,540,1080,7080,7080
312,136,7-Aug-18,ARH/A818/103,103,7-Aug-18,17-Jul-18,Conductivity Float Level Switch,5,11700,58500,55575,5001.75,5001.75,10003.5,65928.5,65928
313,137,8-Aug-18,ARH/A818/104,104,8-Aug-18,,By-Pass Level Indicator,1,3500,3500,3500,315,315,630,4130,4130
314,138,9-Aug-18,ARH/A818/105,105,9-Aug-18,9-Aug-18,Conductivity Float Level Switch,1,11700,11700,11115,1000.35,1000.35,2000.7,13465.7,13465
315,139,10-Aug-18,ARH/A818/106,106,10-Aug-18,20-Jul-18,Float And Board Level Indicator,2,3520,7040,7040,633.6,633.6,1267.2,8332.2,8332
316,140,11-Aug-18,ARH/A818/107,107,11-Aug-18,,Reflex Level Gauge,1,7200,7200,7200,648,648,1296,8496,8496
317,141,12-Aug-18,ARH/A818/108,108,12-Aug-18,22-Jul-18,Magnetic Float Level Switch,2,12300,24600,23370,2103.3,2103.3,4206.6,27926.6,27926
318,142,13-Aug-18,ARH/A818/109,109,13-Aug-18,13-Aug-18,Tubuler Type Level Gauge,1,2900,2900,2900,261,261,522,3547,3547
319,143,14-Aug-18,ARH/A818/110,110,14-Aug-18,24-Jul-18,Capicitance Type,1,35000,35000,35000,3150,3150,6300,41750,41750
320,144,15-Aug-18,ARH/A818/111,111,15-Aug-18,,Magnetic Float Level Switch,1,12300,12300,11685,1051.65,1051.65,2103.3,14138.3,14138
321,145,16-Aug-18,ARH/A818/112,112,16-Aug-18,26-Jul-18,Transparent Level Gauge,1,85000,85000,85000,7650,7650,15300,100300,100300
322,146,17-Aug-18,ARH/A818/113,113,17-Aug-18,27-Jul-18,Cable Float Level Switch,1,10053,10053,10053,904.77,904.77,1809.54,12012.54,12012
323,147,21-Aug-18,ARH/A818/114,114,21-Aug-18,28-Jul-18,Conductivity Float Level Switch,4,11700,46800,44460,4001.4,4001.4,8002.8,52812.8,52812
324,148,21-Aug-18,ARH/A818/115,115,21-Aug-18,29-Jul-18,Miniature Level Switch(SS),1,1502,1502,1502,135.18,135.18,270.36,1772.36,1772
325,149,24-Aug-18,ARH/A818/116,116,24-Aug-18,30-Jul-18,Magnetic Float Level Switch,3,12300,36900,36900,3321,3321,6642,43892,43892
326,150,24-Aug-18,ARH/A818/117,117,24-Aug-18,31-Jul-18,External Chambers,1,4200,4200,4200,378,378,756,4956,4956
327,151,28-Aug-18,ARH/A818/118,118,28-Aug-18,,Miniature Level Switch,1,2850,2850,2850,256.5,256.5,513,3363,3363
328,152,1-Sep-18,ARH/S918/100,100,1-Sep-18,,By-Pass Level Indicator,1,3500,3500,3500,315,315,630,4130,4130
329,153,6-Sep-18,ARH/S918/101,101,6-Sep-18,1-Sep-18,Side Mount Level Switch,3,6000,18000,18000,1620,1620,3240,21240,21240
330,154,19-Sep-18,ARH/S918/102,102,19-Sep-18,,Tubuler Type Level Gauge,1,2900,2900,2900,261,261,522,3547,3547
331,155,24-Sep-18,ARH/S918/103,103,24-Sep-18,,Magnetic Float Level Switch,2,12300,24600,23370,2103.3,2103.3,4206.6,27926.6,27926
332,156,5-Oct-18,ARH/O1018/100,100,5-Oct-18,8-Sep-18,Float And Board Level Indicator,1,3520,3520,3520,316.8,316.8,633.6,4178.6,4178
333,157,9-Oct-18,ARH/O1018/101,101,9-Oct-18,5-Oct-18,Magnetic Float Level Switch,1,12300,12300,11685,1051.65,1051.65,2103.3,14138.3,14138
334,158,12-Oct-18,ARH/O1018/102,102,12-Oct-18,11-Oct-18,Tubuler Type Level Gauge,3,2900,8700,8700,783,783,1566,10391,10391
335,159,13-Oct-18,ARH/O1018/103,103,13-Oct-18,10-Oct-18,Side Mount Level Switch,1,6000,6000,6000,540,540,1080,7080,7080
336,160,20-Oct-18,ARH/O1018/104,104,20-Oct-18,13-Sep-18,By-Pass Level Indicator,1,3500,3500,3500,315,315,630,4130,4130
337,161,22-Oct-18,ARH/O1018/105,105,22-Oct-18,25-Oct-18,Conductivity Float Level Switch,2,11700,23400,22230,2000.7,2000.7,4001.4,26581.4,26581
338,162,27-Oct-18,ARH/O1018/106,106,27-Oct-18,20-Sep-18,Capicitance Type,1,35000,35000,35000,3150,3150,6300,41750,41750
339,163,29-Oct-18,ARH/O1018/107,107,29-Oct-18,25-Sep-18,Reflex Level Gauge,1,7200,7200,7200,648,648,1296,8496,8496
340,164,5-Nov-18,ARH/N1118/100,100,5-Nov-18,3-Oct-18,Side Mount Level Switch,1,6000,6000,6000,540,540,1080,7080,7080
341,165,6-Nov-18,ARH/N1118/101,101,6-Nov-18,4-Oct-18,Tubuler Type Level Gauge,1,2900,2900,2900,261,261,522,3547,3547
342,166,7-Nov-18,ARH/N1118/102,102,7-Nov-18,3-Nov-18,Transparent Level Gauge,1,85000,85000,85000,7650,7650,15300,100300,100300
343,167,8-Nov-18,ARH/N1118/103,103,8-Nov-18,16-Oct-18,Capicitance Type,4,35000,140000,140000,12600,12600,25200,165650,165650
344,168,9-Nov-18,ARH/N1118/104,104,9-Nov-18,19-Oct-18,Float And Board Level Indicator,6,3520,21120,21120,1900.8,1900.8,3801.6,24946.6,24946
345,169,9-Nov-18,ARH/N1118/105,105,9-Nov-18,8-Oct-18,Reflex Level Gauge,1,7200,7200,7200,648,648,1296,8496,8496
346,170,9-Nov-18,ARH/N1118/106,106,9-Nov-18,9-Oct-18,By-Pass Level Indicator,1,3500,3500,3500,315,315,630,4130,4130
347,171,12-Nov-18,ARH/N1118/107,107,12-Nov-18,5-Nov-18,Magnetic Float Level Switch,1,12300,12300,11685,1051.65,1051.65,2103.3,14138.3,14138
348,172,13-Nov-18,ARH/N1118/108,108,13-Nov-18,19-Oct-18,Float And Board Level Indicator,2,3520,7040,7040,633.6,633.6,1267.2,8332.2,8332
349,173,14-Nov-18,ARH/N1118/109,109,14-Nov-18,12-Oct-18,Conductivity Float Level Switch,1,11700,11700,11115,1000.35,1000.35,2000.7,13465.7,13465
350,174,16-Nov-18,ARH/N1118/110,110,16-Nov-18,13-Oct-18,Float And Board Level Indicator,1,3520,3520,3520,316.8,316.8,633.6,4178.6,4178
351,175,16-Nov-18,ARH/N1118/111,111,16-Nov-18,14-Oct-18,Cable Float Level Switch,1,10053,10053,10053,904.77,904.77,1809.54,12012.54,12012
352,176,17-Nov-18,ARH/N1118/112,112,17-Nov-18,15-Oct-18,Capicitance Type,2,35000,70000,70000,6300,6300,12600,83050,83050
353,177,21-Nov-18,ARH/N1118/113,113,21-Nov-18,16-Oct-18,Miniature Level Switch(SS),1,1502,1502,1276.7,114.903,114.903,229.806,1506.506,1506
354,178,21-Nov-18,ARH/N1118/114,114,21-Nov-18,17-Oct-18,Capicitance Type,1,35000,35000,35000,3150,3150,6300,41750,41750
355,179,21-Nov-18,ARH/N1118/115,115,21-Nov-18,18-Nov-18,External Chambers,1,4200,4200,3990,359.1,359.1,718.2,4708.2,4708
356,180,21-Nov-18,ARH/N1118/116,116,21-Nov-18,19-Oct-18,Capicitance Type,3,35000,105000,105000,9450,9450,18900,124350,124350
357,181,22-Nov-18,ARH/N1118/117,117,22-Nov-18,20-Oct-18,Miniature Level Switch,1,2850,2850,2850,256.5,256.5,513,3363,3363
358,182,23-Nov-18,ARH/N1118/118,118,23-Nov-18,21-Oct-18,Capicitance Type,2,35000,70000,70000,6300,6300,12600,83050,83050
359,183,24-Nov-18,ARH/N1118/119,119,24-Nov-18,25-Oct-18,Miniature Level Switch,1,2850,2850,2850,256.5,256.5,513,3363,3363
360,184,29-Nov-18,ARH/N1118/120,120,29-Nov-18,29-Oct-18,Float And Board Level Indicator,2,3520,7040,7040,633.6,633.6,1267.2,8332.2,8332
361,185,3-Dec-18,ARH/D1218/100,100,3-Dec-18,23-Nov-18,Conductivity Float Level Switch,5,11700,58500,55575,5001.75,5001.75,10003.5,65928.5,65928
362,186,4-Dec-18,ARH/D1218/101,101,4-Dec-18,24-Nov-18,Magnetic Float Level Switch,2,12300,24600,23370,2103.3,2103.3,4206.6,27926.6,27926
363,187,5-Dec-18,ARH/D1218/102,102,5-Dec-18,25-Nov-18,Side Mount Level Switch,1,6000,6000,6000,540,540,1080,7080,7080
364,188,6-Dec-18,ARH/D1218/103,103,6-Dec-18,26-Nov-18,By-Pass Level Indicator,1,3500,3500,3500,315,315,630,4130,4130
365,189,7-Dec-18,ARH/D1218/104,104,7-Dec-18,,Capicitance Type,1,35000,35000,35000,3150,3150,6300,41750,41750
366,190,8-Dec-18,ARH/D1218/105,105,8-Dec-18,28-Nov-18,Float And Board Level Indicator,1,3520,3520,3520,316.8,316.8,633.6,4178.6,4178
367,191,10-Dec-18,ARH/D1218/106,106,10-Dec-18,3-Dec-18,Reflex Level Gauge,1,7200,7200,7200,648,648,1296,8496,8496
368,192,10-Dec-18,ARH/D1218/107,107,10-Dec-18,30-Nov-18,Conductivity Float Level Switch,2,11700,23400,22230,2000.7,2000.7,4001.4,26581.4,26581
369,193,10-Dec-18,ARH/D1218/108,108,10-Dec-18,1-Dec-18,Tubuler Type Level Gauge,1,2900,2900,2900,261,261,522,3547,3547
370,194,10-Dec-18,ARH/D1218/109,109,10-Dec-18,2-Nov-18,Magnetic Float Level Switch,6,12300,73800,70110,6309.9,6309.9,12619.8,83079.8,83079
371,195,13-Dec-18,ARH/D1218/110,110,13-Dec-18,,Transparent Level Gauge,1,85000,85000,85000,7650,7650,15300,100300,100300
372,196,14-Dec-18,ARH/D1218/111,111,14-Dec-18,4-Dec-18,Cable Float Level Switch,1,10053,10053,10053,904.77,904.77,1809.54,12012.54,12012
373,197,15-Dec-18,ARH/D1218/112,112,15-Dec-18,5-Dec-18,Miniature Level Switch(SS),1,1502,1502,1502,135.18,135.18,270.36,1772.36,1772
374,198,17-Dec-18,ARH/D1218/113,113,17-Dec-18,6-Nov-18,External Chambers,1,4200,4200,3990,359.1,359.1,718.2,4708.2,4708
375,199,17-Dec-18,ARH/D1218/114,114,17-Dec-18,7-Dec-18,Magnetic Float Level Switch,3,12300,36900,35055,3154.95,3154.95,6309.9,41714.9,41714
376,200,18-Dec-18,ARH/D1218/115,115,18-Dec-18,8-Dec-18,Miniature Level Switch,1,2850,2850,2850,256.5,256.5,513,3363,3363
377,201,19-Dec-18,ARH/D1218/116,116,19-Dec-18,9-Dec-18,Cable Float Level Switch,1,10053,10053,10053,904.77,904.77,1809.54,12012.54,12012
378,202,20-Dec-18,ARH/D1218/117,117,20-Dec-18,,Float And Board Level Indicator,1,3520,3520,3520,316.8,316.8,633.6,4178.6,4178
379,203,21-Dec-18,ARH/D1218/118,118,21-Dec-18,3-Nov-18,Conductivity Float Level Switch,3,11700,35100,35100,3159,3159,6318,41768,41768
380,204,22-Dec-18,ARH/D1218/119,119,22-Dec-18,12-Dec-18,Cable Float Level Switch,1,10053,10053,10053,904.77,904.77,1809.54,12012.54,12012
381,205,25-Dec-18,ARH/D1218/120,120,25-Dec-18,13-Dec-18,Magnetic Float Level Switch,2,12300,24600,23370,2103.3,2103.3,4206.6,27926.6,27926
382,206,25-Dec-18,ARH/D1218/121,121,25-Dec-18,14-Dec-18,Cable Float Level Switch,1,10053,10053,10053,904.77,904.77,1809.54,12012.54,12012
383,207,25-Dec-18,ARH/D1218/122,122,25-Dec-18,15-Dec-18,Miniature Level Switch,1,2850,2850,2850,256.5,256.5,513,3363,3363
384,208,26-Dec-18,ARH/D1218/123,123,26-Dec-18,3-Nov-18,Cable Float Level Switch,1,10053,10053,10053,904.77,904.77,1809.54,12012.54,12012
385,209,27-Dec-18,ARH/D1218/124,124,27-Dec-18,17-Dec-18,Conductivity Float Level Switch,6,11700,70200,66690,6002.1,6002.1,12004.2,79044.2,79044
386,210,28-Dec-18,ARH/D1218/125,125,28-Dec-18,18-Dec-18,Magnetic Float Level Switch,1,12300,12300,11685,1051.65,1051.65,2103.3,14138.3,14138
387,211,29-Dec-18,ARH/D1218/126,126,29-Dec-18,25-Dec-18,Tubuler Type Level Gauge,1,2900,2900,2900,261,261,522,3547,3547
388,Sr.No,Date,Invoice No,Challan No,Challan Date,P.O. Date,Product Name,Qty,Unit Price,Amount,Total Value,CGST(9%),SGST(9%),GST Tax Total,Sub Total,Total
389,1,1-Jan-19,ARH/J117/100,100,3-Jan-19,12-Dec-18,Side Mount Level Switch,1,6000,6000,5400,486,486,972,6372,6372
390,2,5-Jan-19,ARH/J117/101,101,5-Jan-19,12-Dec-18,Tubuler Type Level Gauge,5,2900,14500,14500,1305,1305,2610,17235,17235
391,3,5-Jan-19,ARH/J117/102,102,5-Jan-19,25-Dec-18,Tubuler Type Level Gauge,2,2900,5800,5510,495.9,495.9,991.8,6501.8,6501
392,4,6-Jan-19,ARH/J117/103,103,6-Jan-19,25-Dec-18,Conductivity Level Switch,1,4250,4250,4250,382.5,382.5,765,5075,5075
393,5,10-Jan-19,ARH/J117/104,104,10-Jan-19,25-Dec-18,Cable Float Level Switch,2,10053,20106,20106,1809.54,1809.54,3619.08,23875.08,23875
394,6,11-Jan-19,ARH/J117/105,105,11-Jan-19,25-Dec-18,By-Pass Level Indicator,3,3500,10500,10500,945,945,1890,12390,12390
395,7,15-Jan-19,ARH/J117/106,106,15-Jan-19,23-Dec-18,Miniature Level Switch(SS),2,1502,3004,2553.4,229.806,229.806,459.612,3013.012,3013
396,8,16-Jan-19,ARH/J117/107,107,16-Jan-19,10-Dec-18,Tubuler Type Level Gauge,1,2900,2900,2900,261,261,522,3577,3577
397,9,18-Jan-19,ARH/J117/108,108,18-Jan-19,2-Jan-19,By-Pass Level Indicator,5,3500,17500,17500,1575,1575,3150,20650,20650
398,10,18-Jan-19,ARH/J117/109,109,18-Jan-19,4-Jan-19,Float And Board Level Indicator,1,3520,3520,3520,316.8,316.8,633.6,4178.6,4178
399,11,18-Jan-19,ARH/J117/110,110,18-Jan-19,1-Dec-19,Tubuler Type Level Gauge,1,2900,2900,2900,261,261,522,3422,3422
400,12,19-Jan-19,ARH/J117/111,111,19-Jan-19,5-Dec-19,External Chambers,1,4200,4200,3990,359.1,359.1,718.2,4708.2,4708
401,13,20-Jan-19,ARH/J117/112,112,20-Jan-19,31-Dec-19,Transparent Level Gauge,1,5600,5600,5600,504,504,1008,6858,6858
402,14,23-Jan-19,ARH/J117/113,113,23-Jan-19,6-Jan-19,Miniature Level Switch(PP),1,1502,1502,1502,135.18,135.18,270.36,1772.36,1772
403,15,24-Jan-19,ARH/J117/114,114,24-Jan-19,5-Jan-19,Tubuler Type Level Gauge,1,2900,2900,2610,234.9,234.9,469.8,3218.8,3218
404,16,27-Jan-19,ARH/J117/115,115,27-Jan-19,14-Jan-19,Tubuler Type Level Gauge,6,2900,17400,17400,1566,1566,3132,20532,20532
405,17,28-Jan-19,ARH/J117/116,116,28-Jan-19,14-Jan-19,By-Pass Level Indicator,1,3500,3500,3500,315,315,630,4255,4255
406,18,28-Jan-19,ARH/J117/117,117,28-Jan-19,14-Jan-19,By-Pass Level Indicator,1,3500,3500,3500,315,315,630,4130,4130
407,19,28-Jan-19,ARH/J117/118,118,28-Jan-19,15-Jan-19,Tubuler Type Level Gauge,5,2900,14500,14500,1305,1305,2610,17110,17110
408,20,28-Jan-19,ARH/J117/119,119,28-Jan-19,16-Jan-19,Miniature Level Switch(SS),1,1502,1502,1426.9,128.421,128.421,256.842,1983.742,1983
409,21,28-Jan-19,ARH/J117/120,120,28-Jan-19,17-Jan-19,By-Pass Level Indicator,2,3500,7000,6650,598.5,598.5,1197,7847,7847
410,1,3-Feb-19,ARH/F217/100,100,3-Feb-19,18-Jan-19,Magnetic Float Level Switch,2,12300,24600,23370,2103.3,2103.3,4206.6,27926.6,27926
411,2,3-Feb-19,ARH/F217/101,101,3-Feb-19,25-Jan-19,Conductivity Float Level Switch,2,11700,23400,22230,2000.7,2000.7,4001.4,26581.4,26581
412,3,3-Feb-19,ARH/F217/102,102,3-Feb-19,25-Jan-19,Conductivity Level Sensor,1,3600,3600,3600,324,324,648,4348,4348
413,4,8-Feb-19,ARH/F217/103,103,8-Feb-19,26-Jan-19,Miniature Level Switch,1,2850,2850,2850,256.5,256.5,513,3363,3363
414,5,8-Feb-19,ARH/F217/104,104,8-Feb-19,27-Jan-19,Magnetic Float Level Switch,6,12300,73800,70110,6309.9,6309.9,12619.8,82729.8,82729
415,6,13-Feb-19,ARH/F217/105,105,13-Feb-19,28-Jan-19,Side Mount Level Switch,1,650,650,650,58.5,58.5,117,767,767
416,7,15-Feb-19,ARH/F217/106,106,15-Feb-19,28-Jan-19,Conductivity Float Level Switch,1,11700,11700,11700,1053,1053,2106,13806,13806
417,8,15-Feb-19,ARH/F217/107,107,15-Feb-19,28-Jan-19,Miniature Level Switch,1,2850,2850,2850,256.5,256.5,513,3363,3363
418,9,15-Feb-19,ARH/F217/108,108,15-Feb-19,5-Feb-19,Magnetic Float Level Switch,4,12300,49200,46740,4206.6,4206.6,8413.2,55853.2,55853
419,10,16-Feb-19,ARH/F217/109,109,16-Feb-19,5-Feb-19,Reed Based Level Transmitter,1,6900,6900,6900,621,621,1242,8142,8142
420,11,17-Feb-19,ARH/F217/110,110,17-Feb-19,31-Jan-19,Capacitance Type,2,35000,70000,63000,5670,5670,11340,75240,75240
421,12,18-Feb-19,ARH/F217/111,111,18-Feb-19,15-Jan-19,Reflex Level Gauge,1,7200,7200,7200,648,648,1296,8496,8496
422,13,18-Feb-19,ARH/F217/112,112,18-Feb-19,2-Feb-19,Conductivity Float Level Switch,2,11700,23400,23400,2106,2106,4212,27612,27612
423,14,18-Feb-19,ARH/F217/113,113,18-Feb-19,3-Feb-19,Capicitance Type,1,35000,35000,31500,2835,2835,5670,37620,37620
424,15,24-Feb-19,ARH/F217/114,114,24-Feb-19,4-Feb-19,Magnetic Float Level Switch,5,12300,61500,61500,5535,5535,11070,72820,72820
425,16,24-Feb-19,ARH/F217/115,115,24-Feb-19,15-Feb-19,Reflex Level Gauge,1,7200,7200,7200,648,648,1296,8596,8596
426,17,24-Feb-19,ARH/F217/116,116,24-Feb-19,15-Feb-19,Side Mount Level Switch,2,650,1300,1300,117,117,234,1534,1534
427,18,27-Feb-19,ARH/F217/117,117,27-Feb-19,20-Feb-19,Conductivity Float Level Switch,1,11700,11700,11700,1053,1053,2106,14156,14156
428,19,27-Feb-19,ARH/F217/118,118,27-Feb-19,20-Feb-19,Miniature Level Switch,3,2850,8550,8122.5,731.025,731.025,1462.05,9584.55,9584
429,20,28-Feb-19,ARH/F217/119,119,28-Feb-19,20-Feb-19,Magnetic Float Level Switch,2,12300,24600,23370,2103.3,2103.3,4206.6,27926.6,27926
430,1,2-Mar-19,ARH/M317/100,100,2-Mar-19,8-Feb-19,Capicitance Type,1,35000,35000,31500,2835,2835,5670,37620,37620
431,2,2-Mar-19,ARH/M317/101,101,2-Mar-19,8-Feb-19,Conductivity Level Switch,1,4250,4250,4250,382.5,382.5,765,5075,5075
432,3,8-Mar-19,ARH/M317/102,102,8-Mar-19,8-Feb-19,Side Mount Level Switch,5,6000,30000,30000,2700,2700,5400,35400,35400
433,4,15-Mar-19,ARH/M317/103,103,15-Mar-19,8-Feb-19,Side Mount Level Switch,1,6000,6000,5400,486,486,972,6372,6372
434,5,16-Mar-19,ARH/M317/104,104,15-Mar-19,8-Feb-19,By-Pass Level Indicator,3,3500,10500,10500,945,945,1890,12390,12390
435,6,16-Mar-19,ARH/M317/105,105,15-Mar-19,9-Feb-19,Reflex Level Gauge,6,7200,43200,43200,3888,3888,7776,50976,50976
436,7,19-Mar-19,ARH/M317/106,106,19-Mar-19,9-Feb-19,Side Mount Level Switch,2,6000,12000,10800,972,972,1944,12744,12744
437,8,20-Mar-19,ARH/M317/107,107,20-Mar-19,21-Feb-19,Side Mount Level Switch,2,6000,12000,12000,1080,1080,2160,14160,14160
438,9,20-Mar-19,ARH/M317/108,108,20-Mar-19,1-Mar-19,Transparent Level Gauge,1,85000,85000,85000,7650,7650,15300,100300,100300
439,10,21-Mar-19,ARH/M317/109,109,22-Mar-19,12-Mar-19,Cable Float Level Switch,2,10053,20106,20106,1809.54,1809.54,3619.08,23875.08,23875
440,11,30-Mar-19,ARH/M317/110,110,29-Mar-19,13-Mar-19,Cable Float Level Switch,3,10053,30159,30159,2714.31,2714.31,5428.62,35737.62,35737
441,12,30-Mar-19,ARH/M317/111,111,31-Mar-19,14-Mar-19,Side Mount Level Switch,1,6000,6000,5400,486,486,972,6372,6372
442,13,31-Mar-19,ARH/M317/112,112,31-Mar-19,15-Mar-19,Tubuler Type Level Gauge,5,2900,14500,14500,1305,1305,2610,17110,17110
443,14,31-Mar-19,ARH/M317/113,113,31-Mar-19,20-Mar-19,Side Mount Level Switch,1,6000,6000,5400,486,486,972,6372,6372
444,1,2-Apr-19,ARH/A417/100,100,3-Apr-19,28-Feb-19,Conductivity Level Sensor,1,3600,3600,3600,324,324,648,4348,4348
445,2,2-Apr-19,ARH/A417/101,101,3-Apr-19,3-Mar-19,Miniature Level Switch,5,2850,14250,14250,1282.5,1282.5,2565,16815,16815
446,3,2-Apr-19,ARH/A417/102,102,3-Apr-19,30-Mar-19,Magnetic Float Level Switch,3,12300,36900,31365,2822.85,2822.85,5645.7,37010.7,37010
447,4,3-Apr-19,ARH/A417/103,103,3-Apr-19,30-Mar-19,Conductivity Float Level Switch,2,11700,23400,19890,1790.1,1790.1,3580.2,23470.2,23470
448,5,3-Apr-19,ARH/A417/104,104,3-Apr-19,30-Mar-19,Conductivity Float Level Switch,4,11700,46800,44460,4001.4,4001.4,8002.8,52912.8,52912
449,6,4-Apr-19,ARH/A417/105,105,3-Apr-19,30-Mar-19,Miniature Level Switch,1,2850,2850,2850,256.5,256.5,513,3463,3463
450,7,4-Apr-19,ARH/A417/106,106,3-Apr-19,30-Mar-19,Reed Based Level Transmitter,1,6900,6900,6900,621,621,1242,8792,8792
451,8,3-Apr-19,ARH/A417/107,107,4-Apr-19,30-Mar-19,Conductivity Float Level Switch,4,11700,46800,42120,3790.8,3790.8,7581.6,49701.6,49701
452,9,4-Apr-19,ARH/A417/108,108,4-Apr-19,30-Mar-19,Conductivity Float Level Switch,1,11700,11700,11700,1053,1053,2106,13806,13806
453,10,12-Apr-19,ARH/A417/109,109,12-Apr-19,30-Mar-19,Conductivity Float Level Switch,5,11700,58500,58500,5265,5265,10530,69030,69030
454,11,18-Apr-19,ARH/A417/110,110,18-Apr-19,30-Mar-19,Magnetic Float Level Switch,2,12300,24600,24600,2214,2214,4428,29028,29028
455,12,19-Apr-19,ARH/A417/111,111,19-Apr-19,4-Apr-19,Miniature Level Switch,3,2850,8550,8550,769.5,769.5,1539,10089,10089
456,13,27-Apr-19,ARH/A417/112,112,27-Apr-19,5-Apr-19,Side Mount Level Switch,2,650,1300,1300,117,117,234,1534,1534
457,14,27-Apr-19,ARH/A417/113,113,27-Apr-19,15-Mar-19,Capicitance Type,1,35000,35000,35000,3150,3150,6300,42000,42000
458,15,27-Apr-19,ARH/A417/114,114,27-Apr-19,9-Apr-19,Magnetic Float Level Switch,2,12300,24600,24600,2214,2214,4428,29028,29028
459,16,28-Apr-19,ARH/A417/115,115,28-Apr-19,20-Mar-19,Capicitance Type,1,35000,35000,35000,3150,3150,6300,41300,41300
460,1,8-May-19,ARH/M517/100,100,8-May-19,5-Apr-19,By-Pass Level Indicator,1,3500,3500,3500,315,315,630,4255,4255
461,2,8-May-19,ARH/M517/101,101,8-May-19,8-Apr-19,Capicitance Type,1,35000,35000,35000,3150,3150,6300,41300,41300
462,3,9-May-19,ARH/M517/102,102,9-May-19,9-May-19,Tubuler Type Level Gauge,4,2900,11600,11600,1044,1044,2088,13827,13827
463,4,17-May-19,ARH/M517/103,103,17-May-19,25-Apr-19,By-Pass Level Indicator,2,3500,7000,7000,630,630,1260,8385,8385
464,5,17-May-19,ARH/M517/104,104,17-May-19,3-May-19,By-Pass Level Indicator,6,3500,21000,17850,1606.5,1606.5,3213,21188,21188
465,6,18-May-19,ARH/M517/105,105,18-May-19,27-Apr-19,Cable Float Level Switch,2,10053,20106,20106,1809.54,1809.54,3619.08,23725.08,23725
466,7,20-May-19,ARH/M517/106,106,20-May-19,27-Apr-19,Tubuler Type Level Gauge,2,2900,5800,5800,522,522,1044,6983,6983
467,8,25-May-19,ARH/M517/107,107,24-May-19,29-Apr-19,Conductivity Level Switch,1,4250,4250,4250,382.5,382.5,765,5075,5075
468,9,25-May-19,ARH/M517/108,108,25-May-19,29-Apr-19,Tubuler Type Level Gauge,1,2900,2900,2755,247.95,247.95,495.9,3389.9,3389
469,10,26-May-19,ARH/M517/109,109,29-May-19,1-May-19,Tubuler Type Level Gauge,1,2900,2900,2900,261,261,522,3561,3561
470,11,26-May-19,ARH/M517/110,110,29-May-19,20-May-19,Tubuler Type Level Gauge,3,2900,8700,8700,783,783,1566,10405,10405
471,12,29-May-19,ARH/M517/111,111,29-May-19,3-May-19,Reflex Level Gauge,1,7200,7200,7200,648,648,1296,8496,8496
472,1,1-Jun-19,ARH/J617/100,100,1-Jun-19,5-May-19,Tubuler Type Level Gauge,1,2900,2900,2610,234.9,234.9,469.8,3218.8,3218
473,2,1-Jun-19,ARH/J617/101,101,1-Jun-19,6-May-19,Tubuler Type Level Gauge,1,2900,2900,2900,261,261,522,3561,3561
474,3,5-Jun-19,ARH/J617/102,102,5-Jun-19,6-May-19,Reflex Level Gauge,6,7200,43200,43200,3888,3888,7776,50976,50976
475,4,6-Jun-19,ARH/J617/103,103,6-Jun-19,8-May-19,By-Pass Level Indicator,3,3500,10500,10500,945,945,1890,12390,12390
476,5,6-Jun-19,ARH/J617/104,104,6-Jun-19,9-May-19,Transparent Level Gauge,1,85000,85000,85000,7650,7650,15300,100800,100800
477,6,7-Jun-19,ARH/J617/105,105,7-Jun-19,10-May-19,Conductivity Level Switch,1,4250,4250,4250,382.5,382.5,765,5075,5075
478,7,8-Jun-19,ARH/J617/106,106,8-Jun-19,11-May-19,Tubuler Type Level Gauge,1,2900,2900,2755,247.95,247.95,495.9,3250.9,3250
479,8,8-Jun-19,ARH/J617/107,107,9-Jun-19,12-May-19,By-Pass Level Indicator,1,3500,3500,3500,315,315,630,4255,4255
480,9,10-Jun-19,ARH/J617/108,108,10-Jun-19,12-May-19,Capicitance Type,1,35000,35000,31500,2835,2835,5670,37620,37620
481,10,15-Jun-19,ARH/J617/109,109,15-Jun-19,13-Jun-19,Cable Float Level Switch,2,10053,20106,20106,1809.54,1809.54,3619.08,23875.08,23875
482,11,16-Jun-19,ARH/J617/110,110,16-Jun-19,13-May-19,Tubuler Type Level Gauge,1,2900,2900,2610,234.9,234.9,469.8,3218.8,3218
483,12,16-Jun-19,ARH/J617/111,111,16-Jun-19,16-May-19,Reflex Level Gauge,1,7200,7200,7200,648,648,1296,8496,8496
484,13,17-Jun-19,ARH/J617/112,112,16-Jun-19,17-May-19,By-Pass Level Indicator,1,3500,3500,3150,283.5,283.5,567,3842,3842
485,14,17-Jun-19,ARH/J617/113,113,20-Jun-19,19-May-19,Cable Float Level Switch,2,10053,20106,20106,1809.54,1809.54,3619.08,23875.08,23875
486,15,20-Jun-19,ARH/J617/114,114,20-Jun-19,19-Jun-19,Tubuler Type Level Gauge,3,2900,8700,7395,665.55,665.55,1331.1,8865.1,8865
487,16,21-Jun-19,ARH/J617/115,115,21-Jun-19,20-May-19,Miniature Level Switch(SS),2,1502,3004,3004,270.36,270.36,540.72,3544.72,3544
488,17,22-Jun-19,ARH/J617/116,116,22-Jun-19,22-May-19,Miniature Level Switch(SS),2,1502,3004,3004,270.36,270.36,540.72,3544.72,3544
489,18,23-Jun-19,ARH/J617/117,117,23-Jun-19,22-May-19,Tubuler Type Level Gauge,6,2900,17400,17400,1566,1566,3132,20671,20671
490,19,24-Jun-19,ARH/J617/118,118,24-Jun-19,22-May-19,Tubuler Type Level Gauge,1,2900,2900,2610,234.9,234.9,469.8,3218.8,3218
491,20,25-Jun-19,ARH/J617/119,119,25-Jun-19,24-May-19,By-Pass Level Indicator,1,3500,3500,3500,315,315,630,4255,4255
492,1,3-Jul-19,ARH/J717/100,100,3-Jul-19,2-Jun-19,Tubuler Type Level Gauge,2,2900,5800,5800,522,522,1044,6844,6844
493,2,5-Jul-19,ARH/J717/101,101,5-Jul-19,5-Jun-19,Capicitance Type,3,35000,105000,105000,9450,9450,18900,124350,124350
494,3,5-Jul-19,ARH/J717/102,102,5-Jul-19,6-Jun-19,Float And Board Level Indicator,1,3520,3520,3520,316.8,316.8,633.6,4178.6,4178
495,4,6-Jul-19,ARH/J717/103,103,6-Jul-19,6-Jun-19,By-Pass Level Indicator,3,3500,10500,10500,945,945,1890,12390,12390
496,5,7-Jul-19,ARH/J717/104,104,7-Jul-19,10-Jun-19,Float And Board Level Indicator,3,3520,10560,8976,807.84,807.84,1615.68,10616.68,10616
497,6,8-Jul-19,ARH/J717/105,105,8-Jul-19,13-Jun-19,Float And Board Level Indicator,1,3520,3520,3344,300.96,300.96,601.92,3970.92,3970
498,7,10-Jul-19,ARH/J717/106,106,10-Jul-19,13-Jun-19,Cable Float Level Switch,2,10053,20106,20106,1809.54,1809.54,3619.08,23875.08,23875
499,8,10-Jul-19,ARH/J717/107,107,10-Jul-19,5-Jul-19,Float And Board Level Indicator,1,3520,3520,3520,316.8,316.8,633.6,4178.6,4178
500,9,10-Jul-19,ARH/J717/108,108,10-Jul-19,15-Jun-19,Miniature Level Switch(SS),4,1502,6008,6008,540.72,540.72,1081.44,7089.44,7089
501,10,13-Jul-19,ARH/J717/109,109,13-Jul-19,15-Jun-19,Capicitance Type,1,35000,35000,33250,2992.5,2992.5,5985,39685,39685
502,11,16-Jul-19,ARH/J717/110,110,16-Jul-19,21-Jun-19,Reflex Level Gauge,1,7200,7200,7200,648,648,1296,8496,8496
503,12,17-Jul-19,ARH/J717/111,111,17-Jul-19,22-Jun-19,Conductivity Level Switch,1,4250,4250,4250,382.5,382.5,765,5075,5075
504,13,17-Jul-19,ARH/J717/112,112,17-Jul-19,23-Jun-19,Cable Float Level Switch,2,10053,20106,20106,1809.54,1809.54,3619.08,23875.08,23875
505,14,17-Jul-19,ARH/J717/113,113,17-Jul-19,29-Jun-19,Float And Board Level Indicator,6,3520,21120,21120,1900.8,1900.8,3801.6,24946.6,24946
506,15,17-Jul-19,ARH/J717/114,114,17-Jul-19,5-Jul-19,Capicitance Type,2,35000,70000,70000,6300,6300,12600,83050,83050
507,16,20-Jul-19,ARH/J717/115,115,20-Jul-19,16-Jul-19,Transparent Level Gauge,1,85000,85000,85000,7650,7650,15300,100300,100300
508,17,25-Jul-19,ARH/J717/116,116,25-Jul-19,10-Jul-19,Capicitance Type,1,35000,35000,31500,2835,2835,5670,37620,37620
509,1,1-Aug-19,ARH/A817/100,100,1-Aug-19,16-Jul-19,By-Pass Level Indicator,3,3500,10500,9450,850.5,850.5,1701,11151,11151
510,2,2-Aug-19,ARH/A817/101,101,2-Aug-19,16-Jul-19,Magnetic Float Level Switch,3,12300,36900,36900,3321,3321,6642,43792,43792
511,3,3-Aug-19,ARH/A817/102,102,3-Aug-19,16-Jul-19,Tubuler Type Level Gauge,2,2900,5800,5800,522,522,1044,6844,6844
512,4,4-Aug-19,ARH/A817/103,103,4-Aug-19,20-Jul-19,Reflex Level Gauge,1,7200,7200,7200,648,648,1296,8496,8496
513,5,5-Aug-19,ARH/A817/104,104,5-Aug-19,21-Jul-19,Conductivity Float Level Switch,4,11700,46800,46800,4212,4212,8424,55224,55224
514,6,5-Aug-19,ARH/A817/105,105,5-Aug-19,21-Jul-19,Magnetic Float Level Switch,3,12300,36900,35055,3154.95,3154.95,6309.9,41614.9,41614
515,7,5-Aug-19,ARH/A817/106,106,5-Aug-19,1-Aug-19,Cable Float Level Switch,2,10053,20106,20106,1809.54,1809.54,3619.08,23875.08,23875
516,8,8-Aug-19,ARH/A817/107,107,8-Aug-19,22-Jul-19,Conductivity Float Level Switch,4,11700,46800,42120,3790.8,3790.8,7581.6,49701.6,49701
517,9,14-Aug-19,ARH/A817/108,108,14-Aug-19,23-Jul-19,Conductivity Float Level Switch,3,11700,35100,35100,3159,3159,6318,41418,41418
518,10,15-Aug-19,ARH/A817/109,109,15-Aug-19,25-Jul-19,Capicitance Type,1,35000,35000,31500,2835,2835,5670,37620,37620
519,11,19-Aug-19,ARH/A817/110,110,19-Aug-19,12-Aug-19,Transparent Level Gauge,1,85000,85000,85000,7650,7650,15300,100300,100300
520,12,21-Aug-19,ARH/A817/111,111,21-Aug-19,25-Jul-19,Conductivity Float Level Switch,5,11700,58500,58500,5265,5265,10530,69030,69030
521,13,22-Aug-19,ARH/A817/112,112,22-Aug-19,20-Jul-19,Magnetic Float Level Switch,3,12300,36900,35055,3154.95,3154.95,6309.9,41614.9,41614
522,14,24-Aug-19,ARH/A817/113,113,24-Aug-19,30-Jul-19,Cable Float Level Switch,2,10053,20106,20106,1809.54,1809.54,3619.08,23875.08,23875
523,15,8-Aug-19,ARH/A817/107,114,8-Aug-19,22-Jul-19,Conductivity Float Level Switch,1,11700,11700,10530,947.7,947.7,1895.4,12425.4,12425
524,16,5-Aug-19,ARH/A817/106,115,5-Aug-19,1-Aug-19,Cable Float Level Switch,1,10053,10053,10053,904.77,904.77,1809.54,12012.54,12012
525,1,6-Sep-19,ARH/S917/100,100,6-Sep-19,1-Sep-19,By-Pass Level Indicator,1,3500,3500,3500,315,315,630,4130,4130
526,2,13-Sep-19,ARH/S917/101,101,13-Sep-19,5-Aug-19,Conductivity Level Switch,2,4250,8500,8500,765,765,1530,10030,10030
527,3,19-Sep-19,ARH/S917/102,102,19-Sep-19,2-Sep-19,Capicitance Type,1,35000,35000,35000,3150,3150,6300,41300,41300
528,4,20-Sep-19,ARH/S917/103,103,20-Sep-19,3-Sep-19,Tubuler Type Level Gauge,4,2900,11600,11600,1044,1044,2088,13688,13688
529,5,28-Sep-19,ARH/S917/104,104,28-Sep-19,20-Aug-19,Cable Float Level Switch,3,10053,30159,30159,2714.31,2714.31,5428.62,35587.62,35587
530,1,14-Oct-19,ARH/O1017/100,100,14-Oct-19,12-Oct-19,Capicitance Type,3,35000,105000,105000,9450,9450,18900,123900,123900
531,2,14-Oct-19,ARH/O1017/101,101,14-Oct-19,12-Oct-19,Tubuler Type Level Gauge,2,2900,5800,5800,522,522,1044,6844,6844
532,1,6-Nov-19,ARH/N1117/100,100,6-Nov-19,,Capicitance Type,2,35000,70000,70000,6300,6300,12600,82600,82600
533,2,10-Nov-19,ARH/N1117/101,101,10-Nov-19,5-Oct-19,Capicitance Type,3,35000,105000,105000,9450,9450,18900,124450,124450
534,3,11-Nov-19,ARH/N1117/102,102,11-Nov-19,,Cable Float Level Switch,2,10053,20106,20106,1809.54,1809.54,3619.08,23975.08,23975
535,4,11-Nov-19,ARH/N1117/103,103,11-Nov-19,7-Oct-19,Float And Board Level Indicator,4,3520,14080,14080,1267.2,1267.2,2534.4,16639.4,16639
536,5,13-Nov-19,ARH/N1117/104,104,13-Nov-19,8-Oct-19,By-Pass Level Indicator,4,3500,14000,13300,1197,1197,2394,15694,15694
537,6,14-Nov-19,ARH/N1117/105,105,14-Nov-19,9-Oct-19,Float And Board Level Indicator,3,3520,10560,10560,950.4,950.4,1900.8,12485.8,12485
538,7,25-Nov-19,ARH/N1117/107,107,25-Nov-19,11-Oct-19,Conductivity Level Switch,2,4250,8500,8500,765,765,1530,10090,10090
539,8,25-Nov-19,ARH/N1117/108,108,25-Nov-19,,Float And Board Level Indicator,1,3520,3520,3520,316.8,316.8,633.6,4153.6,4153
540,9,25-Nov-19,ARH/N1117/109,109,25-Nov-19,13-Oct-19,Capicitance Type,1,35000,35000,35000,3150,3150,6300,41750,41750
541,1,4-Dec-19,ARH/D1217/100,100,4-Dec-19,7-Nov-19,Conductivity Float Level Switch,4,11700,46800,42120,3790.8,3790.8,7581.6,49701.6,49701
542,2,5-Dec-19,ARH/D1217/101,101,5-Dec-19,6-Aug-19,Magnetic Float Level Switch,3,12300,36900,36900,3321,3321,6642,44092,44092
543,3,6-Dec-19,ARH/D1217/102,102,5-Dec-19,9-Nov-19,Capicitance Type,1,35000,35000,35000,3150,3150,6300,41750,41750
544,4,6-Dec-19,ARH/D1217/103,103,5-Dec-19,10-Nov-19,Tubuler Type Level Gauge,3,2900,8700,8265,743.85,743.85,1487.7,9752.7,9752
545,5,8-Dec-19,ARH/D1217/104,104,8-Dec-19,11-Nov-19,Conductivity Float Level Switch,4,11700,46800,46800,4212,4212,8424,55224,55224
546,6,9-Dec-19,ARH/D1217/105,105,9-Dec-19,12-Nov-19,By-Pass Level Indicator,3,3500,10500,10500,945,945,1890,12390,12390
547,7,13-Dec-19,ARH/D1217/106,106,12-Dec-19,13-Nov-19,Conductivity Float Level Switch,4,11700,46800,46800,4212,4212,8424,55224,55224
548,8,13-Dec-19,ARH/D1217/108,108,12-Dec-19,15-Nov-19,Conductivity Float Level Switch,4,11700,46800,46800,4212,4212,8424,55224,55224
549,9,13-Dec-19,ARH/D1217/109,109,12-Dec-19,16-Nov-19,Magnetic Float Level Switch,3,12300,36900,35055,3154.95,3154.95,6309.9,41664.9,41664
550,10,14-Dec-19,ARH/D1217/110,110,14-Dec-19,16-Nov-19,Cable Float Level Switch,2,10053,20106,20106,1809.54,1809.54,3619.08,24175.08,24175
551,11,14-Dec-19,ARH/D1217/111,111,15-Dec-19,18-Nov-19,Level Transmitter for Magnetic Level  Gauge,1,7200,7200,7200,648,648,1296,8496,8496
552,12,16-Dec-19,ARH/D1217/112,112,16-Dec-19,19-Nov-19,Conductivity Float Level Switch,6,11700,70200,70200,6318,6318,12636,82836,82836
553,13,18-Dec-19,ARH/D1217/113,113,17-Dec-19,15-Dec-19,Miniature Level Switch(SS),2,1502,3004,2553.4,229.806,229.806,459.612,3013.012,3013
554,14,18-Dec-19,ARH/D1217/114,114,18-Dec-19,21-Nov-19,Capicitance Type,2,35000,70000,63000,5670,5670,11340,74540,74540
555,15,18-Dec-19,ARH/D1217/115,115,18-Dec-19,21-Nov-19,Magnetic Float Level Switch,3,12300,36900,36900,3321,3321,6642,43742,43742
556,16,18-Dec-19,ARH/D1217/116,116,20-Dec-19,23-Nov-19,Cable Float Level Switch,2,10053,20106,20106,1809.54,1809.54,3619.08,23875.08,23875
557,17,21-Dec-19,ARH/D1217/117,117,21-Dec-19,24-Nov-19,Magnetic Float Level Switch,3,12300,36900,36900,3321,3321,6642,43992,43992
558,18,22-Dec-19,ARH/D1217/118,118,22-Dec-19,20-Dec-19,Magnetic Float Level Switch,4,12300,49200,49200,4428,4428,8856,58606,58606
559,19,24-Dec-19,ARH/D1217/120,120,25-Dec-19,27-Nov-19,Miniature Level Switch(SS),2,1502,3004,3004,270.36,270.36,540.72,3544.72,3544
560,20,24-Dec-19,ARH/D1217/121,121,25-Dec-19,27-Nov-19,Magnetic Float Level Switch,4,12300,49200,46740,4206.6,4206.6,8413.2,55453.2,55453
561,21,25-Dec-19,ARH/D1217/122,122,25-Dec-19,29-Nov-19,Transparent Level Gauge,1,85000,85000,85000,7650,7650,15300,100300,100300
562,22,28-Dec-19,ARH/D1217/124,124,28-Dec-19,1-Dec-19,Conductivity Float Level Switch,4,11700,46800,42120,3790.8,3790.8,7581.6,49701.6,49701
