Sr.No,Date,Invoice No,Challan No,Challan Date,P.O. Date,Product Name,Qty,Unit Price,Amount,Discount,Total Value,Packing & Forwarding,Freight,CGST(9%),SGST(9%),GST Tax Total,Sub Total,Rounded Off,Total
1,3-Jan-17,ARH/J117/100,100,3-Jan-17,12-Dec-16,Side Mount Level Switch,1,6000,6000,10%,5400,,,486,486,972,6372,,6372
2,5-Jan-17,ARH/J117/101,101,5-Jan-17,12-Dec-16,Tubuler Type Level Gauge,5,2900,14500,,14500,100,25,1305,1305,2610,17235,,17235
3,5-Jan-17,ARH/J117/102,102,5-Jan-17,25-Dec-16,Tubuler Type Level Gauge,2,2900,5800,5%,5510,,,495.9,495.9,991.8,6501.8,0.8,6501
4,6-Jan-17,ARH/J117/103,103,6-Jan-17,25-Dec-16,Conductivity Level Switch,1,4250,4250,,4250,,60,382.5,382.5,765,5075,,5075
5,10-Jan-17,ARH/J117/104,104,10-Jan-17,25-Dec-16,Cable Float Level Switch,2,10053,20106,,20106,150,,1809.54,1809.54,3619.08,23875.08,0.08,23875
6,11-Jan-17,ARH/J117/105,105,11-Jan-17,25-Dec-16,By-Pass Level Indicator,3,3500,10500,,10500,,,945,945,1890,12390,,12390
7,15-Jan-17,ARH/J117/106,106,15-Jan-17,23-Dec-16,Miniature Level Switch(SS),2,1502,3004,15%,2553.4,,,229.806,229.806,459.612,3013.012,0.012,3013
8,16-Jan-17,ARH/J117/107,107,16-Jan-17,10-Dec-16,Tubuler Type Level Gauge,1,2900,2900,,2900,100,55,261,261,522,3577,,3577
9,18-Jan-17,ARH/J117/108,108,18-Jan-17,2-Jan-17,By-Pass Level Indicator,5,3500,17500,,17500,,,1575,1575,3150,20650,,20650
10,18-Jan-17,ARH/J117/109,109,18-Jan-17,4-Jan-17,Float And Board Level Indicator,1,3520,3520,,3520,,25,316.8,316.8,633.6,4178.6,0.6,4178
11,18-Jan-17,ARH/J117/110,110,18-Jan-17,1-Dec-16,Tubuler Type Level Gauge,1,2900,2900,,2900,,,261,261,522,3422,,3422
12,19-Jan-17,ARH/J117/111,111,19-Jan-17,5-Dec-16,External Chambers,1,4200,4200,5%,3990,,,359.1,359.1,718.2,4708.2,0.2,4708
13,20-Jan-17,ARH/J117/112,112,20-Jan-17,31-Dec-16,Transparent Level Gauge,1,5600,5600,,5600,100,150,504,504,1008,6858,,6858
14,23-Jan-17,ARH/J117/113,113,23-Jan-17,6-Jan-17,Miniature Level Switch(PP),1,1502,1502,,1502,,,135.18,135.18,270.36,1772.36,0.36,1772
15,24-Jan-17,ARH/J117/114,114,24-Jan-17,5-Jan-17,Tubuler Type Level Gauge,1,2900,2900,10%,2610,,139,234.9,234.9,469.8,3218.8,0.8,3218
16,27-Jan-17,ARH/J117/115,115,27-Jan-17,14-Jan-17,Tubuler Type Level Gauge,6,2900,17400,,17400,,,1566,1566,3132,20532,,20532
17,28-Jan-17,ARH/J117/116,116,28-Jan-17,14-Jan-17,By-Pass Level Indicator,1,3500,3500,,3500,,125,315,315,630,4255,,4255
18,28-Jan-17,ARH/J117/117,117,28-Jan-17,14-Jan-17,By-Pass Level Indicator,1,3500,3500,,3500,,,315,315,630,4130,,4130
19,28-Jan-17,ARH/J117/118,118,28-Jan-17,15-Jan-17,Tubuler Type Level Gauge,5,2900,14500,,14500,,,1305,1305,2610,17110,,17110
20,28-Jan-17,ARH/J117/119,119,28-Jan-17,16-Jan-17,Miniature Level Switch(SS),1,1502,1502,5%,1426.9,250,50,128.421,128.421,256.842,1983.742,0.742,1983
21,28-Jan-17,ARH/J117/120,120,28-Jan-17,17-Jan-17,By-Pass Level Indicator,2,3500,7000,5%,6650,,,598.5,598.5,1197,7847,,7847
22,3-Feb-17,ARH/F217/100,100,3-Feb-17,18-Jan-17,Magnetic Float Level Switch,2,12300,24600,5%,23370,350,,2103.3,2103.3,4206.6,27926.6,0.6,27926
23,3-Feb-17,ARH/F217/101,101,3-Feb-17,25-Jan-17,Conductivity Float Level Switch,2,11700,23400,5%,22230,350,,2000.7,2000.7,4001.4,26581.4,0.4,26581
24,3-Feb-17,ARH/F217/102,102,3-Feb-17,25-Jan-17,Conductivity Level Sensor,1,3600,3600,,3600,,100,324,324,648,4348,,4348
25,8-Feb-17,ARH/F217/103,103,8-Feb-17,26-Jan-17,Miniature Level Switch,1,2850,2850,,2850,,,256.5,256.5,513,3363,,3363
26,8-Feb-17,ARH/F217/104,104,8-Feb-17,27-Jan-17,Magnetic Float Level Switch,6,12300,73800,5%,70110,,,6309.9,6309.9,12619.8,82729.8,0.8,82729
27,13-Feb-17,ARH/F217/105,105,13-Feb-17,28-Jan-17,Side Mount Level Switch,1,650,650,,650,,,58.5,58.5,117,767,,767
28,15-Feb-17,ARH/F217/106,106,15-Feb-17,28-Jan-17,Conductivity Float Level Switch,1,11700,11700,,11700,,,1053,1053,2106,13806,,13806
29,15-Feb-17,ARH/F217/107,107,15-Feb-17,28-Jan-17,Miniature Level Switch,1,2850,2850,,2850,,,256.5,256.5,513,3363,,3363
30,15-Feb-17,ARH/F217/108,108,15-Feb-17,5-Feb-17,Magnetic Float Level Switch,4,12300,49200,5%,46740,500,200,4206.6,4206.6,8413.2,55853.2,0.2,55853
31,16-Feb-17,ARH/F217/109,109,16-Feb-17,5-Feb-17,Reed Based Level Transmitter,1,6900,6900,,6900,,,621,621,1242,8142,,8142
32,17-Feb-17,ARH/F217/110,110,17-Feb-17,31-Jan-17,Capacitance Type,2,35000,70000,10%,63000,900,,5670,5670,11340,75240,,75240
33,18-Feb-17,ARH/F217/111,111,18-Feb-17,15-Jan-17,Reflex Level Gauge,1,7200,7200,,7200,,,648,648,1296,8496,,8496
34,18-Feb-17,ARH/F217/112,112,18-Feb-17,2-Feb-17,Conductivity Float Level Switch,2,11700,23400,,23400,,,2106,2106,4212,27612,,27612
35,18-Feb-17,ARH/F217/113,113,18-Feb-17,3-Feb-17,Capicitance Type,1,35000,35000,10%,31500,450,,2835,2835,5670,37620,,37620
36,24-Feb-17,ARH/F217/114,114,24-Feb-17,4-Feb-17,Magnetic Float Level Switch,5,12300,61500,,61500,150,100,5535,5535,11070,72820,,72820
37,24-Feb-17,ARH/F217/115,115,24-Feb-17,15-Feb-17,Reflex Level Gauge,1,7200,7200,,7200,,100,648,648,1296,8596,,8596
38,24-Feb-17,ARH/F217/116,116,24-Feb-17,15-Feb-17,Side Mount Level Switch,2,650,1300,,1300,,,117,117,234,1534,,1534
39,27-Feb-17,ARH/F217/117,117,27-Feb-17,20-Feb-17,Conductivity Float Level Switch,1,11700,11700,,11700,350,,1053,1053,2106,14156,,14156
40,27-Feb-17,ARH/F217/118,118,27-Feb-17,20-Feb-17,Miniature Level Switch,3,2850,8550,5%,8122.5,,,731.025,731.025,1462.05,9584.55,0.55,9584
41,28-Feb-17,ARH/F217/119,119,28-Feb-17,20-Feb-17,Magnetic Float Level Switch,2,12300,24600,5%,23370,350,,2103.3,2103.3,4206.6,27926.6,0.6,27926
42,2-Mar-17,ARH/M317/100,100,2-Mar-17,8-Feb-17,Capicitance Type,1,35000,35000,10%,31500,450,,2835,2835,5670,37620,,37620
43,2-Mar-17,ARH/M317/101,101,2-Mar-17,8-Feb-17,Conductivity Level Switch,1,4250,4250,,4250,,60,382.5,382.5,765,5075,,5075
44,8-Mar-17,ARH/M317/102,102,8-Mar-17,8-Feb-17,Side Mount Level Switch,6,6000,36000,,36000,,,3240,3240,6480,42480,,42480
45,15-Mar-17,ARH/M317/103,103,15-Mar-17,8-Feb-17,Tubuler Type Level Gauge,2,2900,5800,,5800,,,522,522,1044,6844,,6844
46,15-Mar-17,ARH/M317/104,104,15-Mar-17,8-Feb-17,By-Pass Level Indicator,3,3500,10500,,10500,,,945,945,1890,12390,,12390
47,15-Mar-17,ARH/M317/105,105,15-Mar-17,8-Feb-17,Reflex Level Gauge,1,7200,7200,,7200,,,648,648,1296,8496,,8496
48,15-Mar-17,ARH/M317/106,106,15-Mar-17,8-Feb-17,Side Mount Level Switch,2,6000,12000,10%,10800,,,972,972,1944,12744,,12744
49,20-Mar-17,ARH/M317/107,107,20-Mar-17,21-Feb-17,Side Mount Level Switch,3,6000,18000,,18000,,,1620,1620,3240,21240,,21240
50,20-Mar-17,ARH/M317/108,108,20-Mar-17,1-Mar-17,Transparent Level Gauge,1,85000,85000,,85000,,,7650,7650,15300,100300,,100300
51,21-Mar-17,ARH/M317/109,109,21-Mar-17,12-Mar-17,Side Mount Level Switch,1,6000,6000,10%,5400,,,486,486,972,6372,,6372
52,29-Mar-17,ARH/M317/110,110,29-Mar-17,12-Mar-17,Cable Float Level Switch,2,10053,20106,,20106,150,,1809.54,1809.54,3619.08,23875.08,0.08,23875
53,30-Mar-17,ARH/M317/111,111,30-Mar-17,14-Mar-17,Side Mount Level Switch,1,6000,6000,10%,5400,,,486,486,972,6372,,6372
54,31-Mar-17,ARH/M317/112,112,31-Mar-17,15-Mar-17,Cable Float Level Switch,2,10053,20106,,20106,150,,1809.54,1809.54,3619.08,23875.08,0.08,23875
55,31-Mar-17,ARH/M317/113,113,31-Mar-17,20-Mar-17,Side Mount Level Switch,1,6000,6000,10%,5400,,,486,486,972,6372,,6372
56,3-Apr-17,ARH/A417/100,100,3-Apr-17,28-Feb-17,Conductivity Level Sensor,1,3600,3600,,3600,,100,324,324,648,4348,,4348
57,3-Apr-17,ARH/A417/101,101,3-Apr-17,3-Mar-17,Miniature Level Switch,5,2850,14250,,14250,,,1282.5,1282.5,2565,16815,,16815
58,3-Apr-17,ARH/A417/102,102,3-Apr-17,30-Mar-17,Magnetic Float Level Switch,3,12300,36900,,36900,250,,3321,3321,6642,43792,0.9,43791.1
59,3-Apr-17,ARH/A417/103,103,3-Apr-17,30-Mar-17,Side Mount Level Switch,2,650,1300,,1300,,,117,117,234,1534,,1534
60,3-Apr-17,ARH/A417/104,104,3-Apr-17,30-Mar-17,Conductivity Float Level Switch,4,11700,46800,10%,42120,350,,3790.8,3790.8,7581.6,50051.6,0.6,50051
61,3-Apr-17,ARH/A417/105,105,3-Apr-17,30-Mar-17,Miniature Level Switch,1,2850,2850,,2850,,100,256.5,256.5,513,3463,,3463
62,3-Apr-17,ARH/A417/106,106,3-Apr-17,30-Mar-17,Reed Based Level Transmitter,1,6900,6900,,6900,,100,621,621,1242,8242,,8242
63,3-Apr-17,ARH/A417/107,107,3-Apr-17,30-Mar-17,Conductivity Float Level Switch,4,11700,46800,15%,39780,,,3580.2,3580.2,7160.4,46940.4,0.4,46940
64,4-Apr-17,ARH/A417/108,108,4-Apr-17,30-Mar-17,Conductivity Float Level Switch,1,11700,11700,,11700,150,,1053,1053,2106,13956,,13956
65,12-Apr-17,ARH/A417/109,109,12-Apr-17,30-Mar-17,Miniature Level Switch,3,2850,8550,,8550,,,769.5,769.5,1539,10089,,10089
66,18-Apr-17,ARH/A417/110,110,18-Apr-17,30-Mar-17,Magnetic Float Level Switch,2,12300,24600,,24600,,,2214,2214,4428,29028,,29028
67,19-Apr-17,ARH/A417/111,111,19-Apr-17,4-Apr-17,Conductivity Float Level Switch,2,11700,23400,,23400,,,2106,2106,4212,27612,,27612
68,27-Apr-17,ARH/A417/112,112,27-Apr-17,5-Apr-17,Conductivity Float Level Switch,5,11700,58500,,58500,,,5265,5265,10530,69030,,69030
69,27-Apr-17,ARH/A417/113,113,27-Apr-17,15-Mar-17,Capicitance Type,1,35000,35000,,35000,450,100,3150,3150,6300,41850,,41850
70,27-Apr-17,ARH/A417/114,114,27-Apr-17,9-Apr-17,Magnetic Float Level Switch,2,12300,24600,5%,23370,,,2103.3,2103.3,4206.6,27576.6,0.6,27576
71,28-Apr-17,ARH/A417/115,115,28-Apr-17,20-Mar-17,Capicitance Type,1,35000,35000,,35000,450,,3150,3150,6300,41750,,41750
72,8-May-17,ARH/M517/100,100,8-May-17,5-Apr-17,By-Pass Level Indicator,1,3500,3500,10%,3150,,125,283.5,283.5,567,3842,,3842
73,8-May-17,ARH/M517/101,101,8-May-17,8-Apr-17,Capicitance Type,1,35000,35000,,35000,450,,3150,3150,6300,41750,,41750
74,9-May-17,ARH/M517/102,102,9-May-17,8-May-17,Tubuler Type Level Gauge,5,2900,14500,,14500,,139,1305,1305,2610,17249,,17249
75,17-May-17,ARH/M517/103,103,17-May-17,25-Apr-17,Tubuler Type Level Gauge,2,2900,5800,,5800,,139,522,522,1044,6983,,6983
76,17-May-17,ARH/M517/104,104,17-May-17,3-May-17,By-Pass Level Indicator,6,3500,21000,10%,18900,,125,1701,1701,3402,22427,,22427
77,18-May-17,ARH/M517/105,105,18-May-17,27-Apr-17,Conductivity Level Switch,1,4250,4250,,4250,,60,382.5,382.5,765,5075,,5075
78,22-May-17,ARH/M517/106,106,22-May-17,28-Apr-17,Tubuler Type Level Gauge,1,2900,2900,10%,2610,,139,234.9,234.9,469.8,3218.8,0.8,3218
79,25-May-17,ARH/M517/107,107,25-May-17,29-Apr-17,Cable Float Level Switch,2,10053,20106,,20106,150,,1809.54,1809.54,3619.08,23875.08,0.08,23875
80,25-May-17,ARH/M517/108,108,25-May-17,29-Apr-17,Tubuler Type Level Gauge,1,2900,2900,10%,2610,,139,234.9,234.9,469.8,3218.8,0.8,3218
81,25-May-17,ARH/M517/109,109,25-May-17,1-May-17,By-Pass Level Indicator,2,3500,7000,,7000,,125,630,630,1260,8385,,8385
82,25-May-17,ARH/M517/110,110,25-May-17,20-May-17,Tubuler Type Level Gauge,3,2900,8700,,8700,,139,783,783,1566,10405,,10405
83,29-May-17,ARH/M517/111,111,29-May-17,3-May-17,Reflex Level Gauge,1,7200,7200,,7200,,,648,648,1296,8496,,8496
84,1-Jun-17,ARH/J617/100,100,1-Jun-17,5-May-17,Tubuler Type Level Gauge,1,2900,2900,10%,2610,,139,234.9,234.9,469.8,3218.8,0.8,3218
85,1-Jun-17,ARH/J617/101,101,1-Jun-17,6-May-17,Tubuler Type Level Gauge,1,2900,2900,,2900,,139,261,261,522,3561,,3561
86,5-Jun-17,ARH/J617/102,102,5-Jun-17,6-May-17,Reflex Level Gauge,6,7200,43200,,43200,,,3888,3888,7776,50976,,50976
87,6-Jun-17,ARH/J617/103,103,6-Jun-17,8-May-17,By-Pass Level Indicator,3,3500,10500,,10500,,,945,945,1890,12390,,12390
88,6-Jun-17,ARH/J617/104,104,6-Jun-17,9-May-17,Transparent Level Gauge,1,85000,85000,,85000,500,,7650,7650,15300,100800,,100800
89,7-Jun-17,ARH/J617/105,105,7-Jun-17,10-May-17,Tubuler Type Level Gauge,6,2900,17400,,17400,,139,1566,1566,3132,20671,,20671
90,8-Jun-17,ARH/J617/106,106,8-Jun-17,11-May-17,Tubuler Type Level Gauge,1,2900,2900,5%,2755,,,247.95,247.95,495.9,3250.9,0.9,3250
91,9-Jun-17,ARH/J617/107,107,9-Jun-17,12-May-17,By-Pass Level Indicator,1,3500,3500,,3500,,125,315,315,630,4255,,4255
92,10-Jun-17,ARH/J617/108,108,10-Jun-17,13-May-17,Capicitance Type,1,35000,35000,10%,31500,450,,2835,2835,5670,37620,,37620
93,15-Jun-17,ARH/J617/109,109,15-Jun-17,13-Jun-17,Cable Float Level Switch,2,10053,20106,,20106,150,,1809.54,1809.54,3619.08,23875.08,0.08,23875
94,16-Jun-17,ARH/J617/110,110,16-Jun-17,13-May-17,Tubuler Type Level Gauge,1,2900,2900,10%,2610,,139,234.9,234.9,469.8,3218.8,0.8,3218
95,16-Jun-17,ARH/J617/111,111,16-Jun-17,16-May-17,Reflex Level Gauge,1,7200,7200,,7200,,,648,648,1296,8496,,8496
96,16-Jun-17,ARH/J617/112,112,16-Jun-17,17-May-17,By-Pass Level Indicator,1,3500,3500,10%,3150,,125,283.5,283.5,567,3842,,3842
97,16-Jun-17,ARH/J617/113,113,16-Jun-17,18-May-17,Cable Float Level Switch,2,10053,20106,,20106,150,,1809.54,1809.54,3619.08,23875.08,0.08,23875
98,20-Jun-17,ARH/J617/114,114,20-Jun-17,19-Jun-17,Tubuler Type Level Gauge,3,2900,8700,15%,7395,,139,665.55,665.55,1331.1,8865.1,0.1,8865
99,21-Jun-17,ARH/J617/115,115,21-Jun-17,20-May-17,Conductivity Level Switch,1,4250,4250,,4250,,60,382.5,382.5,765,5075,,5075
100,22-Jun-17,ARH/J617/116,116,22-Jun-17,22-May-17,Miniature Level Switch(SS),2,1502,3004,,3004,,,270.36,270.36,540.72,3544.72,0.72,3544
101,23-Jun-17,ARH/J617/117,117,23-Jun-17,22-May-17,Miniature Level Switch(SS),2,1502,3004,,3004,,,270.36,270.36,540.72,3544.72,0.72,3544
102,24-Jun-17,ARH/J617/118,118,24-Jun-17,22-May-17,Tubuler Type Level Gauge,1,2900,2900,10%,2610,,139,234.9,234.9,469.8,3218.8,0.8,3218
103,25-Jun-17,ARH/J617/119,119,25-Jun-17,24-May-17,By-Pass Level Indicator,1,3500,3500,,3500,,125,315,315,630,4255,,4255
104,3-Jul-17,ARH/J717/100,100,3-Jul-17,2-Jun-17,Tubuler Type Level Gauge,2,2900,5800,5%,5510,,,495.9,495.9,991.8,6501.8,0.8,6501
105,5-Jul-17,ARH/J717/101,101,5-Jul-17,5-Jun-17,Capicitance Type,3,35000,105000,,105000,450,,9450,9450,18900,124350,,124350
106,5-Jul-17,ARH/J717/102,102,5-Jul-17,6-Jun-17,Float And Board Level Indicator,1,3520,3520,,3520,,25,316.8,316.8,633.6,4178.6,0.6,4178
107,6-Jul-17,ARH/J717/103,103,6-Jul-17,6-Jun-17,By-Pass Level Indicator,3,3500,10500,10%,9450,,,850.5,850.5,1701,11151,,11151
108,7-Jul-17,ARH/J717/104,104,7-Jul-17,10-Jun-17,Float And Board Level Indicator,4,3520,14080,,14080,,25,1267.2,1267.2,2534.4,16639.4,0.4,16639
109,8-Jul-17,ARH/J717/105,105,8-Jul-17,13-Jun-17,Conductivity Level Switch,1,4250,4250,,4250,,60,382.5,382.5,765,5075,,5075
110,10-Jul-17,ARH/J717/106,106,10-Jul-17,13-Jun-17,Reflex Level Gauge,1,7200,7200,,7200,,,648,648,1296,8496,,8496
111,10-Jul-17,ARH/J717/107,107,10-Jul-17,5-Jul-17,Float And Board Level Indicator,1,3520,3520,,3520,,25,316.8,316.8,633.6,4178.6,0.6,4178
112,10-Jul-17,ARH/J717/108,108,10-Jul-17,15-Jun-17,Miniature Level Switch(SS),2,1502,3004,15%,2553.4,,,229.806,229.806,459.612,3013.012,0.012,3013
113,13-Jul-17,ARH/J717/109,109,13-Jul-17,15-Jun-17,Capicitance Type,1,35000,35000,,35000,450,,3150,3150,6300,41750,,41750
114,16-Jul-17,ARH/J717/110,110,16-Jul-17,21-Jun-17,Cable Float Level Switch,2,10053,20106,,20106,150,,1809.54,1809.54,3619.08,23875.08,0.08,23875
115,17-Jul-17,ARH/J717/111,111,17-Jul-17,22-Jun-17,Capicitance Type,2,35000,70000,10%,63000,450,,5670,5670,11340,74790,,74790
116,17-Jul-17,ARH/J717/112,112,17-Jul-17,23-Jun-17,Cable Float Level Switch,2,10053,20106,,20106,150,,1809.54,1809.54,3619.08,23875.08,0.08,23875
117,17-Jul-17,ARH/J717/113,113,17-Jul-17,29-Jun-17,Float And Board Level Indicator,5,3520,17600,,17600,,25,1584,1584,3168,20793,,20793
118,17-Jul-17,ARH/J717/114,114,17-Jul-17,5-Jul-17,Float And Board Level Indicator,1,3520,3520,,3520,,25,316.8,316.8,633.6,4178.6,0.6,4178
119,20-Jul-17,ARH/J717/115,115,20-Jul-17,16-Jul-17,Transparent Level Gauge,1,85000,85000,,85000,,,7650,7650,15300,100300,,100300
120,25-Jul-17,ARH/J717/116,116,25-Jul-17,10-Jul-17,Capicitance Type,1,35000,35000,10%,31500,450,,2835,2835,5670,37620,,37620
121,1-Aug-17,ARH/A817/100,100,1-Aug-17,16-Jul-17,By-Pass Level Indicator,3,3500,10500,10%,9450,,,850.5,850.5,1701,11151,,11151
122,2-Aug-17,ARH/A817/101,101,2-Aug-17,16-Jul-17,Magnetic Float Level Switch,3,12300,36900,,36900,250,,3321,3321,6642,43792,,43792
123,3-Aug-17,ARH/A817/102,102,3-Aug-17,16-Jul-17,Tubuler Type Level Gauge,2,2900,5800,,5800,,,522,522,1044,6844,,6844
124,4-Aug-17,ARH/A817/103,103,4-Aug-17,20-Jul-17,Reflex Level Gauge,1,7200,7200,,7200,,,648,648,1296,8496,,8496
125,5-Aug-17,ARH/A817/104,104,5-Aug-17,21-Jul-17,Conductivity Float Level Switch,4,11700,46800,,46800,,,4212,4212,8424,55224,,55224
126,5-Aug-17,ARH/A817/105,105,5-Aug-17,21-Jul-17,Magnetic Float Level Switch,3,12300,36900,5%,35055,250,,3154.95,3154.95,6309.9,41614.9,0.9,41614
127,5-Aug-17,ARH/A817/106,106,5-Aug-17,1-Aug-17,Cable Float Level Switch,2,10053,20106,,20106,150,,1809.54,1809.54,3619.08,23875.08,0.08,23875
128,8-Aug-17,ARH/A817/107,107,8-Aug-17,22-Jul-17,Conductivity Float Level Switch,4,11700,46800,10%,42120,,,3790.8,3790.8,7581.6,49701.6,0.6,49701
129,14-Aug-17,ARH/A817/108,108,14-Aug-17,23-Jul-17,Conductivity Float Level Switch,2,11700,23400,,23400,,,2106,2106,4212,27612,,27612
130,15-Aug-17,ARH/A817/109,109,15-Aug-17,25-Jul-17,Capicitance Type,1,35000,35000,10%,31500,450,,2835,2835,5670,37620,,37620
131,19-Aug-17,ARH/A817/110,110,19-Aug-17,12-Aug-17,Transparent Level Gauge,1,85000,85000,,85000,,,7650,7650,15300,100300,,100300
132,21-Aug-17,ARH/A817/111,111,21-Aug-17,25-Jul-17,Conductivity Float Level Switch,4,11700,46800,,46800,,,4212,4212,8424,55224,,55224
133,22-Aug-17,ARH/A817/112,112,22-Aug-17,20-Jul-17,Magnetic Float Level Switch,3,12300,36900,5%,35055,250,,3154.95,3154.95,6309.9,41614.9,0.9,41614
134,24-Aug-17,ARH/A817/113,113,24-Aug-17,30-Jul-17,Cable Float Level Switch,2,10053,20106,,20106,150,,1809.54,1809.54,3619.08,23875.08,0.08,23875
135,6-Sep-17,ARH/S917/100,100,6-Sep-17,1-Sep-17,By-Pass Level Indicator,1,3500,3500,,3500,,125,315,315,630,4255,,4255
136,13-Sep-17,ARH/S917/101,101,13-Sep-17,5-Aug-17,Tubuler Type Level Gauge,2,2900,5800,,5800,,,522,522,1044,6844,,6844
137,19-Sep-17,ARH/S917/102,102,19-Sep-17,2-Sep-17,Capicitance Type,1,35000,35000,,35000,,,3150,3150,6300,41300,,41300
138,20-Sep-17,ARH/S917/103,103,20-Sep-17,3-Sep-17,Conductivity Level Switch,1,4250,4250,,4250,,60,382.5,382.5,765,5075,,5075
139,28-Sep-17,ARH/S917/104,104,28-Sep-17,20-Aug-17,Cable Float Level Switch,2,10053,20106,,20106,150,,1809.54,1809.54,3619.08,23875.08,0.08,23875
140,14-Oct-17,ARH/O1017/100,100,14-Oct-17,12-Oct-17,Capicitance Type,1,35000,35000,,35000,,,3150,3150,6300,41300,,41300
141,14-Oct-17,ARH/O1017/101,101,14-Oct-17,12-Oct-17,Tubuler Type Level Gauge,2,2900,5800,,5800,,,522,522,1044,6844,,6844
142,6-Nov-17,ARH/N1117/100,100,6-Nov-17,,By-Pass Level Indicator,3,3500,10500,10%,9450,,,850.5,850.5,1701,11151,,11151
143,10-Nov-17,ARH/N1117/101,101,10-Nov-17,5-Oct-17,Capicitance Type,3,35000,105000,,105000,450,,9450,9450,18900,124350,,124350
144,11-Nov-17,ARH/N1117/102,102,11-Nov-17,,Cable Float Level Switch,2,10053,20106,,20106,150,,1809.54,1809.54,3619.08,23875.08,0.08,23875
145,11-Nov-17,ARH/N1117/103,103,11-Nov-17,7-Oct-17,Float And Board Level Indicator,1,3520,3520,,3520,,,316.8,316.8,633.6,4153.6,0.6,4153
146,13-Nov-17,ARH/N1117/104,104,13-Nov-17,8-Oct-17,Capicitance Type,2,35000,70000,,70000,,,6300,6300,12600,82600,,82600
147,14-Nov-17,ARH/N1117/105,105,14-Nov-17,9-Oct-17,Float And Board Level Indicator,4,3520,14080,,14080,,25,1267.2,1267.2,2534.4,16639.4,0.4,16639
148,16-Nov-17,ARH/N1117/106,106,16-Nov-17,,Tubuler Type Level Gauge,2,2900,5800,5%,5510,,,495.9,495.9,991.8,6501.8,0.8,6501
149,25-Nov-17,ARH/N1117/107,107,25-Nov-17,11-Oct-17,Conductivity Level Switch,1,4250,4250,,4250,,60,382.5,382.5,765,5075,,5075
150,25-Nov-17,ARH/N1117/108,108,25-Nov-17,,Float And Board Level Indicator,3,3520,10560,,10560,,25,950.4,950.4,1900.8,12485.8,0.8,12485
151,25-Nov-17,ARH/N1117/109,109,25-Nov-17,13-Oct-17,Capicitance Type,1,35000,35000,10%,31500,450,,2835,2835,5670,37620,,37620
152,4-Dec-17,ARH/D1217/100,100,4-Dec-17,7-Nov-17,Conductivity Float Level Switch,4,11700,46800,10%,42120,,,3790.8,3790.8,7581.6,49701.6,0.6,49701
153,5-Dec-17,ARH/D1217/101,101,5-Dec-17,6-Aug-17,Magnetic Float Level Switch,3,12300,36900,,36900,250,,3321,3321,6642,43792,,43792
154,6-Dec-17,ARH/D1217/102,102,6-Dec-17,9-Nov-17,Capicitance Type,1,35000,35000,10%,31500,400,,2835,2835,5670,37570,,37570
155,7-Dec-17,ARH/D1217/103,103,7-Dec-17,10-Nov-17,Tubuler Type Level Gauge,2,2900,5800,5%,5510,,,495.9,495.9,991.8,6501.8,0.8,6501
156,8-Dec-17,ARH/D1217/104,104,8-Dec-17,11-Nov-17,Conductivity Float Level Switch,4,11700,46800,,46800,,,4212,4212,8424,55224,,55224
157,9-Dec-17,ARH/D1217/105,105,9-Dec-17,12-Nov-17,By-Pass Level Indicator,3,3500,10500,,10500,,,945,945,1890,12390,,12390
158,13-Dec-17,ARH/D1217/106,106,13-Dec-17,13-Nov-17,Magnetic Float Level Switch,3,12300,36900,5%,35055,150,,3154.95,3154.95,6309.9,41514.9,0.9,41514
159,13-Dec-17,ARH/D1217/107,107,13-Dec-17,14-Nov-17,Reflex Level Gauge,1,7200,7200,,7200,,,648,648,1296,8496,,8496
160,13-Dec-17,ARH/D1217/108,108,13-Dec-17,15-Nov-17,Transparent Level Gauge,1,85000,85000,,85000,,,7650,7650,15300,100300,,100300
161,13-Dec-17,ARH/D1217/109,109,13-Dec-17,16-Nov-17,Magnetic Float Level Switch,3,12300,36900,5%,35055,250,,3154.95,3154.95,6309.9,41614.9,0.9,41614
162,14-Dec-17,ARH/D1217/110,110,14-Dec-17,17-Nov-17,Cable Float Level Switch,2,10053,20106,,20106,150,,1809.54,1809.54,3619.08,23875.08,0.08,23875
163,15-Dec-17,ARH/D1217/111,111,15-Dec-17,18-Nov-17,Level Transmitter for Magnetic Level  Gauge,1,7200,7200,,7200,,,648,648,1296,8496,,8496
164,16-Dec-17,ARH/D1217/112,112,16-Dec-17,19-Nov-17,Conductivity Float Level Switch,4,11700,46800,,46800,,,4212,4212,8424,55224,,55224
165,18-Dec-17,ARH/D1217/113,113,18-Dec-17,15-Dec-17,Miniature Level Switch(SS),2,1502,3004,15%,2553.4,,,229.806,229.806,459.612,3013.012,0.012,3013
166,18-Dec-17,ARH/D1217/114,114,18-Dec-17,21-Nov-17,Capicitance Type,1,35000,35000,10%,31500,450,,2835,2835,5670,37620,,37620
167,18-Dec-17,ARH/D1217/115,115,18-Dec-17,22-Nov-17,Magnetic Float Level Switch,3,12300,36900,,36900,200,,3321,3321,6642,43742,,43742
168,20-Dec-17,ARH/D1217/116,116,20-Dec-17,23-Nov-17,Conductivity Float Level Switch,4,11700,46800,,46800,,,4212,4212,8424,55224,,55224
169,21-Dec-17,ARH/D1217/117,117,21-Dec-17,24-Nov-17,Magnetic Float Level Switch,3,12300,36900,,36900,250,,3321,3321,6642,43792,,43792
170,22-Dec-17,ARH/D1217/118,118,22-Dec-17,20-Dec-17,Magnetic Float Level Switch,3,12300,36900,5%,35055,250,,3154.95,3154.95,6309.9,41614.9,0.9,41614
171,23-Dec-17,ARH/D1217/119,119,23-Dec-17,26-Nov-17,Capicitance Type,1,35000,35000,,35000,,,3150,3150,6300,41300,,41300
172,25-Dec-17,ARH/D1217/120,120,25-Dec-17,27-Nov-17,Miniature Level Switch(SS),2,1502,3004,,3004,,,270.36,270.36,540.72,3544.72,0.72,3544
173,25-Dec-17,ARH/D1217/121,121,25-Dec-17,28-Nov-17,Cable Float Level Switch,2,10053,20106,,20106,150,,1809.54,1809.54,3619.08,23875.08,0.08,23875
174,25-Dec-17,ARH/D1217/122,122,25-Dec-17,29-Nov-17,Conductivity Float Level Switch,4,11700,46800,10%,42120,,,3790.8,3790.8,7581.6,49701.6,0.6,49701
175,27-Dec-17,ARH/D1217/123,123,27-Dec-17,30-Nov-17,Transparent Level Gauge,1,85000,85000,,85000,,,7650,7650,15300,100300,,100300
176,28-Dec-17,ARH/D1217/124,124,28-Dec-17,1-Dec-17,Conductivity Float Level Switch,4,11700,46800,10%,42120,150,,3790.8,3790.8,7581.6,49851.6,0.6,49851
